ResponseID,Countries
R_2pRkHotae14h0TM,United States of America
R_1o0Cl4w45zY8RI8,United States of America
R_3Dto3WukAaFaVSd,Malaysia
R_31YiL5W3GikKQT1,New Zealand
R_2YrLdmAmn0aQVbi,United States of America
R_1nPkDUtOgH2XpcI,United States of America
R_24CM43kPUtZ2N6l,United States of America
R_yEEDh1Z468VgcI9,Japan
R_1EZgIn8456EhGKR,United Kingdom of Great Britain and Northern Ireland
R_2TyIM7gD9l9UgES,United States of America
R_3DcMK5VvOBMuHQo,United States of America
R_3e3narmnzqIUc3j,United States of America
R_wXychy3TLY9bqgN,New Zealand
R_2PhVfuX6YchwTL6,Germany
R_YXf55yuuf8WbHMt,United States of America
R_2wmeod1jABk7Ydw,United States of America
R_3oLvdfyYloPy2dt,United States of America
R_sMBaH6Ow9YkU3Wp,
R_2QArUQaseCYjABQ,
R_1loR9dc1KGBIy4f,United Kingdom of Great Britain and Northern Ireland
R_AANsM5YZWYjkqFb,United States of America
R_3rM82HfjZeQPneW,United States of America
R_afPwteQhEP7JLPP,United States of America
R_2YlFjGYg1MVSAcQ,Japan
R_28AHPlTYu94y8mX,United States of America
R_3IXcpjo9sFwjN3a,United States of America
R_2b0ZTn0nNaKthLG,Belgium
R_3EbZUe2p24cuKhG,
R_2WI6yFD1qtnjK2l,
R_1eVtKi2hrdSx24u,Afghanistan
R_2TzTFBiHVyErAJS,
R_3k4FXzQy3EtKFMK,United States of America
R_3EYZGXjL1FOK6n3,United States of America
R_2uU1GaqEJPrjXzY,United States of America
R_2YrjB2gIMESmbwU,United States of America
R_1fdTDokJrh56Y6M,United States of America
R_2Bh8Q9KZcx0FNIu,Germany
R_3MzLmzl8ZX7SEsL,Canada
R_yvDpKuldmPcNfXj,United States of America
R_2qqn3aD9QulyRyv,United States of America
R_2t3GDhHVPb4gsrW,United States of America
R_2wd9gphm0lWjUWJ,United States of America
R_1FkOUtUM3gEmhBX,Israel
R_2bOdWVGpn0U0XhH,United States of America
R_bvjoqAM4NKt6nVD,United States of America
R_3nID3TOq9OudQ5J,United States of America
R_1P4Yam7bwXvkKn1,United States of America
R_1eDm54xu9bDUuMA,United States of America
R_3ipMnyHTovt6f0m,United States of America
R_2a9REVS5SU2GUIF,Netherlands
R_3fkuhMQSpZ77Q96,Canada
R_Z3OQ02mK3AJgR8t,United States of America
R_2fjNU47tqBVXWaC,United States of America
R_1hGuX1hjfohtv2W,United States of America
R_24qhYASRJlgeY2z,United States of America
R_3UcLLcxqDPZ5ysp,United States of America
R_33eFV1mefaEIt1e,United States of America
R_1PZPTV7xHQ3VPE7,United States of America
R_2rNnodU1K2ELn1v,United Kingdom of Great Britain and Northern Ireland
R_1Cvv5mQDvJQQOTD,United States of America
R_3k5q27AdDDVRT56,United States of America
R_1i4zSUxNwqo5xlu,United States of America
R_1GUKJy3mWL5zeZn,United States of America
R_2UYhCcGWPZqiwP4,Belgium
R_2tePCQsqTodXRH7,United States of America
R_264rcrYEZ8RwgdV,Netherlands
R_3DbGXhrY2ovW14U,United States of America
R_2bTQ12B5sTYbEUg,United States of America
R_28U4xpzvJafd0Wi,United States of America
R_1esfOC5IcWfgET4,United States of America
R_1PS4PG9h4R1Sag0,United States of America
R_eKVMAJlp4GT8xHj,United States of America
R_3CUCGnaYex2oJqk,United States of America
R_2B8qeatIlc2Vv5a,United Kingdom of Great Britain and Northern Ireland
R_27vdmZ0S7thOkUy,Ireland
R_9TYsGC7vGHSldol,United States of America
R_3g290DOP9nfzJ0C,United States of America
R_1DBSRbFIkKvXnRN,United States of America
R_voz3c5FbEB8Swdr,United States of America
R_2aFTq6NYFzxaRiR,United States of America
R_1HkGXEHCZddv8j5,United Kingdom of Great Britain and Northern Ireland
R_2c7xHLRCLwIAQAK,Canada
R_1OqbBsWvyYXoD7L,Ireland
R_3OljqEa7iMdQ9Jm,
R_1dElGpr1CZajuOP,United States of America
R_2Qs3yEq2CP78mtu,Canada
R_1BQMDHEfhPksl3T,United States of America
R_1nOPxuRfNakWXDr,United States of America
R_3PRlmvxMHCK8nzR,Canada
R_3nTwPWT3BxhoZT9,United States of America
R_CgnwLjuksyIQnhn,United States of America
R_yIsisNZMlRRS9t7,United States of America
R_3CUwLGXjWOMFxk0,United States of America
R_2e4h8197tYCJ9Vl,United States of America
R_3hApveGmKODbZ9N,United States of America
R_12LK1q9T9VFuMKY,United Kingdom of Great Britain and Northern Ireland
R_OD9hBOwIg4eqYsF,United States of America
R_3qCkq8uj2wrmsDI,Canada
R_1GHBpajcf6ghGUb,Portugal
R_2YJ2zBbnJVviAjC,Norway
R_1n8YsoseYlb5xMP,United States of America
R_8Ape0ZZ3gXfKu5z,Australia
R_3OqX4IwtzY0tQh6,United States of America
R_1l4Rpa8GqbcyZZo,United States of America
R_2QRkptnTDiIy0qq,Japan
R_3ESBSyKprniVrsO,United States of America
R_2pRxwqsa5hYsyCE,United States of America
R_1n8DRqRE5vCNDPO,United States of America
R_1mh2kpA1scmiR4U,France
R_1OSI9HOTBRgRX0l,United States of America
R_1Afldewic1N2g1j,United States of America
R_XijTh2GrowuPFx7,United States of America
R_egpeNO5gjUZFZKh,United States of America
R_Q4keCfqHKx5APiV,United Kingdom of Great Britain and Northern Ireland
R_3HYASn9RnYEOXrG,United States of America
R_3OrAje3hU5W5Bp3,United States of America
R_OOJ2UdkuLHeuBPP,United Kingdom of Great Britain and Northern Ireland
R_3sbjAiPmmUg2a0z,United States of America
R_20OFtloiy9tWqeQ,United States of America
R_1FnzmoMujqqoFDI,United States of America
R_2XdE63eoc85u6aW,United States of America
R_2rIxx6LNzSCKzJY,China
R_1ie7hCFUzZkCjEI,Germany
R_3exnnQ6DqxxQNUf,United States of America
R_2rxpN3DRs0LMP7A,United States of America
R_2l39IPhEOl21Fwl,United States of America
R_3shsuuQvYNTxQo1,Brazil
R_1dhKwq1xNN1Ydb5,United States of America
R_3DhmILHGcig0FxE,United Kingdom of Great Britain and Northern Ireland
R_1N9cFD0G9mkARL6,United States of America
R_26eu3MYnIfCv1kW,China
R_vCYog8ZgsNre1dD,United States of America
R_2BkyCtUlbCLBhUr,United States of America
R_3PwcSaekGZAEXJh,United States of America
R_26gApEaY7RyxpB8,United States of America
R_e8RRIxfWfoJBtHH,United States of America
R_33lLGs4xbr1fueS,Canada
R_1JXgtogMptatOyB,Australia
R_24P3dWV3vnCYk7Q,Canada
R_1l4DAtJljkRa5QK,United States of America
R_1mlsRNl5ep16jvJ,United States of America
R_3FJtLPlIMOiV3pd,United States of America
R_1IMB2HyOrjXAsCD,United States of America
R_2ayLE2pVdT8arGb,United States of America
R_2to1ZZBbYw3hn4e,United States of America
R_1lAEcFaBBVLNa9z,Mexico
R_1gwQKWDsNPTMuAu,New Zealand
R_2BfU4jFC9bNsHmv,Germany
R_3dHfhMZwh5CWa3t,Switzerland
R_1j7Hn1EMOFlYyMu,Italy
R_2Yukz9WhjOINAK1,United Kingdom of Great Britain and Northern Ireland
R_tXnXoQaHvzAEAoN,Spain
R_2t5X6vOI9wthcfD,Belgium
R_BJ2nKRJYniFoiZj,Belgium
R_25Z2dsTp1bevOr0,Denmark
R_3EPTZTBqJh9tmUs,Australia
R_3374B8j0Y6HYTwM,Netherlands
R_3m2abwqiJ8tuG9w,France
R_2QVzWeXzD2DGtwS,Austria
R_3OrbCswkpL5qZJX,United States of America
R_3M4mUhgrDwUzqWj,Belgium
R_1jAEIlsDtT5qVCi,Netherlands
R_3svjqYnRrKF73E6,United Kingdom of Great Britain and Northern Ireland
R_yUs1vhhoa0iY8HD,Netherlands
R_3NWj55k5dmYCfqD,United Kingdom of Great Britain and Northern Ireland
R_vOXM2aTAbuHpBZL,
R_1jTyk6BSfPwHdqa,
R_3m9Of90RMVb4yQL,United States of America
R_2zwoPlQyVoiioFG,United Kingdom of Great Britain and Northern Ireland
R_1MY9tfJ0ArWbpIy,United Kingdom of Great Britain and Northern Ireland
R_2yjE79sTD8RgcmD,Norway
R_3LYyJylvM0tSHqz,United Kingdom of Great Britain and Northern Ireland
R_3QLDH9W2QHzbAU2,Netherlands
R_2P5yBRZ7OShqFI0,Belgium
R_2Sk2S0mHoyQ83N5,United States of America
R_2CpRYXKreeqeReb,United States of America
R_3j9bGKXQ6y1jdEv,Canada
R_1QusP9l7PoBIC0s,United States of America
R_2vjBYqDcrz8f16B,United Kingdom of Great Britain and Northern Ireland
R_a9N4SZx0HHtEk93,United States of America
R_XSOGOrcJOUpQxZT,United Kingdom of Great Britain and Northern Ireland
R_2uCFHpL92xdcSA4,United States of America
R_1PdiQC7nL7JMORa,United States of America
R_12DPHn3fALwaLGE,United Kingdom of Great Britain and Northern Ireland
R_1H7z2K8U81p07Hw,United States of America
R_1gNECRk6qPO5h6t,United States of America
R_21tRL86PNgh3riP,United States of America
R_sR6djfnYftCw8bD,Canada
R_276WQ6Soviy50BZ,United States of America
R_3QQ0Y8Q8uLFcZLO,United States of America
R_ANYK0ioN3Ewb1qV,United States of America
R_24reBlkFT7XHl36,United States of America
R_26exZmWO6YPKnq9,United States of America
R_8HX3xsD8QaYT46B,Belgium
R_1GNYSNVU3qVUQJ8,Switzerland
R_bDuhw78tfJuBkUV,United States of America
R_28ZOgtOrQuRCxOq,Netherlands
R_32LzlZNCrZIkFtj,France
R_8oijVOuhVWr9Unn,United States of America
R_1Q5dfM1eUru6HGn,United States of America
R_UG4Tb6mxUwXOceZ,Italy
R_r9zZvRvdb8iSkTv,United States of America
R_1cV5gKuuAzxDmDD,United States of America
R_agzUPDid6g50lbz,United Kingdom of Great Britain and Northern Ireland
R_86OXY13RxTvoNaN,United States of America
R_SJD3mqZ1r90yuop,United States of America
R_1rHsvTmw3pU2K7w,United States of America
R_2wGfCjY1HOaScjy,Hungary
R_1dzvankHApywtAf,Brazil
R_3kaDOLzbWDTvOax,United States of America
R_22DCuTD0f2ftx5u,United States of America
R_SVRo7EuntAjYCyd,United States of America
R_1pAv1Vgj0pQiJRW,United States of America
R_qJBeZqXi6xdbhdL,United States of America
R_qDGufpaiC596dFf,United States of America
R_1CvlEtTaWW57xGD,United States of America
R_3jwjNnsmQqCOenn,Turkey
R_2QF0CX1vgN5lRvr,United States of America
R_1DqgCV40OzUEiAp,United States of America
R_1l3q1Ok6Pp1yxFk,Ireland
R_2pYO8GoqhV8DIcu,United States of America
R_1NzgErjGMNlIs7I,United States of America
R_1QhYkftc1DDS2PF,United States of America
R_sCfkr4X2dwWAnGF,United States of America
R_1ffkzCpCIPDUtwe,United States of America
R_OBSfvsu4hXCnenv,United States of America
R_2ciOx93cCaYScIE,New Zealand
R_2PnkVtFV8zFM0zy,United States of America
R_b75pbOQzoVKSsa5,United States of America
R_3LYJeX4vuYY4zeD,United Kingdom of Great Britain and Northern Ireland
R_12F1OjtktHgdQeE,United States of America
R_1gMAH7QVV7WxJyp,
R_PTlf3BTUQwI2shP,United States of America
R_Y317YPcvXo31o6R,United States of America
R_3jVQAwq8vf3Wss1,United States of America
R_3PFz1uNWjNDXi9l,Croatia
R_1IYi0BhnjDHIILy,
R_30dHMtVI0x7Q6ab,Switzerland
R_3G3O4629HsULzCH,Ireland
R_Ut1rblhdh6ShJol,United States of America
R_Wx6q1II0ZIhvANH,United States of America
R_32Mh4i2YBw6aVRR,United States of America
R_20PagW7NjaB7NnA,France
R_2U3pwiPTa1Jjfq2,United States of America
R_2WYjSfsmGI2ejA7,Netherlands
R_1DZ7NBY4Y20VNmU,United States of America
R_24pHzAkNZAJpz4x,United States of America
R_3JElX2Bwx9yltaX,United Kingdom of Great Britain and Northern Ireland
R_C4wlXbONF71lpjH,United States of America
R_2Y68rufwSOgqwYy,France
R_9HSGizuD8Xqw3Yt,United States of America
R_1lhqYAGFdvhz8t7,United States of America
R_2SIkWkUbln22mnr,United States of America
R_3frhhm5jrD46PHS,Australia
R_1rBQSxNAnnSKsJh,United States of America
R_YQaAtC1cdYPdEpX,United States of America
R_2B8pbvu2ivDSlbz,Germany
R_AtdMn2D7oYHOufT,Netherlands
R_VIqF0etTqEMb6b7,Ireland
R_3HFuBquARV9suJ9,Germany
R_2dMRMzLgYSjsLyP,Netherlands
R_3MoN8P9g1YSo9NE,Croatia
R_3hyX880qxul9pOL,Finland
R_1JLRywmsXBRpjfc,United States of America
R_x0dDjzy7m2q57O1,United States of America
R_2ZOe9I8Ir2LqWjt,United States of America
R_2SHJYavijrKzlUa,United States of America
R_Q4TfND9pyQICHE5,Canada
R_2pQ64DJtkWvDMfD,United States of America
R_3I3HdCrf8ct68sH,United States of America
R_24oY53r1oYtgLqF,United States of America
R_3EmXcpVE41EAGOX,United States of America
R_SOjf1N1KWcOSvDj,United States of America
R_1FDERpmFnqJrG0r,United States of America
R_25yjPc7YWtb0b3s,United States of America
R_1M4L2EPvOdFewTe,United States of America
R_2YsT5PGC2V6daIE,United States of America
R_e4H4Q63efEiuflL,United States of America
R_3HNqV3beMxmHO8r,United States of America
R_30dELhRcxMB5RCq,United States of America
R_rrmYdOsteNBsnEl,Belgium
R_3jeumuH0cTGqIsG,United States of America
R_79xcp5RzntfivNn,United States of America
R_vCtmOob3a7Xrwgp,
R_32KiG8EHiYr2PGv,United States of America
R_3fxeBRyteOc7QqS,United States of America
R_UoLLYQL7mzUHSAp,Belgium
R_PzgO4OeTCIRY5ih,United States of America
R_2ZO0XhwewI7qmOU,United States of America
R_3rPsrDKINLmc64h,Ireland
R_3nc1iJ1lyH6O7Tn,United States of America
R_8koVxdKa2nrYy1X,Netherlands
R_ZeLDACkS89j0xR7,United States of America
R_AG8Ir027BEHy5oJ,United Kingdom of Great Britain and Northern Ireland
R_1QxDXiI3QRN97Y4,United States of America
R_3CKto7ug0FXByPe,United States of America
R_2PbrnlDMzPniJdc,United States of America
R_1FlJUzbtDX5iu4v,United States of America
R_ZIbHjMRrY7F33Cp,United States of America
R_25BmshhU8YoxXLa,United States of America
R_3NNSptvPNRwsWDp,United States of America
R_WfJXS8R2uJAzS2l,United States of America
R_3KVNml9rSV83a9d,Canada
R_1MM6YZh5yelYkfh,United States of America
R_26au2nDu5BgwA4n,United States of America
R_1LkEFpcez6i6jfU,United States of America
R_3dSRNXlSZQbmYWN,United States of America
R_1NwvdfvATCT2gTA,United Kingdom of Great Britain and Northern Ireland
R_3oZMBLNhWDhUU1k,Nigeria
R_1mJdTA9Cxuro3lW,United States of America
R_3PFbbSJGc3jeiAx,Germany
R_2CN8DbfHkJL2el8,United States of America
R_3rVEhlcnaprnJ0L,United States of America
R_2zeidIB8JcWfJtG,United States of America
R_1DHULf318PL7zIP,United States of America
R_1jCbQNpWhcMmshK,United States of America
R_2wtBwuCwwC61fMT,Australia
R_1K0SpoxnLJj5uIZ,United Kingdom of Great Britain and Northern Ireland
R_2fd5Q9hVARZid2t,United Kingdom of Great Britain and Northern Ireland
R_3EMbO7d0qQ6D8DG,Netherlands
R_XEPIoFVXKfT4gA9,United Kingdom of Great Britain and Northern Ireland
R_ABwYi7asl2D3985,United States of America
R_BFjhGbM69YmObbb,United States of America
R_1g2sZLw2QamKcVS,Netherlands
R_ZEIlAGxqX9utMS5,Australia
R_3jcDAobfTub2oQM,Japan
R_eu2PDjMAiGaUzw5,United States of America
R_wZhxXzklG5Rxl61,Canada
R_1hEeTB4fURdjgYK,Canada
R_vv2jkPij4SnwbkZ,United States of America
R_1kUhm8dTuXBUvnH,United States of America
R_1lzwiE0C660EutN,Canada
R_3KIvyqzHthabhgH,United Kingdom of Great Britain and Northern Ireland
R_3jUL0vrjT07kT7B,South Africa
R_3wJrD9zcdMt6jGp,Malaysia
R_2w0o9iIsyEr4pCj,Japan
R_6Vum7uS3Clq1KA9,
R_1mEI8qIBvkx8E8n,Belgium
R_3nC7bLmlg888NOz,United States of America
R_tYgJoUrQY3BfLdn,United States of America
R_2wHXrY63mrWAphx,
R_3IWZlHLeTxG6kZO,United States of America
R_5uW8rkOtghs05lD,United States of America
R_2zu2sWe8PSFWBQG,
R_3nI2oYzaSPmBfYz,Ireland
R_2zzHcWfDnJ4rznh,United States of America
R_1n7yzpHSQzWD0o4,United States of America
R_3nIOOxd6sJIoVgQ,United States of America
R_3QRDACW9RRurheR,United Kingdom of Great Britain and Northern Ireland
R_2q8Hs4XuEHQD1Zo,United States of America
R_3dMkF0gjiB9d04P,United States of America
R_2R2qHibPXkzEbeV,Canada
R_2dRCDpECqtFruf1,United States of America
R_268rjlQ8gQ2xfKT,France
R_5nKP07rdxhvQv4d,Belgium
R_2VgeiT5IuQsQE9n,Belgium
R_sXLfhSr0RRJvRtv,Belgium
R_3L22aBoMrYAU4Sh,United States of America
R_1jIzfnMgaP40uOO,Spain
R_SDDyDPSByYDv21P,United States of America
R_3I50ciwRQwwvRYO,Netherlands
R_3lKayec7kdOHIJP,Italy
R_21pSM0IQlSVIJQX,Ireland
R_2fx2vlxdJX2HtkK,United States of America
R_3ml7y1Wsd56pcCD,Japan
R_3mAo2uFSsqXSolX,United States of America
R_wRvjrbVo7vQFJER,United Kingdom of Great Britain and Northern Ireland
R_3CVkJmClk9jOeG5,United States of America
R_CmHP7h48XD9iGc1,United Kingdom of Great Britain and Northern Ireland
R_3J9HURsN5KGtcCY,United States of America
R_ueMCDdTu2Z3xEnT,United States of America
R_w14vmKNv5znX4Pf,Ireland
R_2ZVSA30srmjMCnz,United States of America
R_2VD8YEQkm9RXmtX,United Kingdom of Great Britain and Northern Ireland
R_2TAcJ6teXOPD3oJ,United States of America
R_2qwKaqW2F6aIJWq,United States of America
R_2afdovVWdrtxPto,United States of America
R_2S3tj3xjhgnYPGg,United States of America
R_2QgnX3kNRRVQKb7,United States of America
R_3fut3H7kCXP2KVe,Canada
R_2usnhuJ5BYp74cY,United States of America
R_1LFKYvkqvxEQBuF,United States of America
R_erZiiib678Z65Ff,United States of America
R_3ExU61QuvRzWJRJ,United States of America
R_DefwL6cHZJkRGp3,United States of America
R_2TUgMbxGkeHq1Ns,Belgium
R_aVtr7jo9g1S7cE9,United States of America
R_posdwoSGFWxWOqt,United States of America
R_3HXDdFYbqVcidjM,Canada
R_PCFYkjdYhR0BoYh,United States of America
R_1msLf5zaBNdP7Ma,United States of America
R_2ZCQIMsBJW4obmX,United States of America
R_12hA6tHAB02lWcX,United States of America
R_1HkT8oJBoNmWy8W,United States of America
R_1Ft6sJVG2kPS7HN,Canada
R_3fjxOrC6V3kmgEW,United Kingdom of Great Britain and Northern Ireland
R_2SCFuapH5rvAu7U,United States of America
R_1FqBTekiNTDDkVK,United States of America
R_2qlMEHiNtBJN42y,United States of America
R_zZqNTL6MEb2rMnT,United States of America
R_3pmNwhdAZMrk6ST,United States of America
R_1NDCUrgN0VgmJBf,Sweden
R_1XqO2ZFFIUc6VXP,Belgium
R_3Gl9MgHB0ciqQPV,United States of America
R_8jEMtY0xyzM90pb,
R_DAcNv2Xt8aUxd6h,
R_2YkNr4nIqHUEy0K,
R_yP9bknod7EGlufv,
R_1Iua9sqHepscV1M,
R_XHcdsCmg2MUwBR7,
R_1ELAURwhVhujp0B,
R_1jp8LWZsPzFUcwv,
R_3Ea5J7yQBDq4XIK,
R_3OktJQJVQCPNVP5,
R_1jTir6fQ8NOtKwP,
R_2S9upj7FAwIODtn,United States of America
R_1K8gURjRqtrVB7t,
R_2CjHmrmSPolVZaj,
R_4O2tpeye23zL7Db,
R_2SvmI0WFl0MMayM,
R_a2vxD8IrN9ZaFQl,
R_Qp5Wm0MyBe1sWsh,
R_BzgSbJRKR59m6IN,
R_0kSHbcp05Nh17pv,
R_2R8rFM9RjrECWKJ,
R_3HOEy8JFYSlDMoW,
R_2rT05LZIHOjay0d,
R_22V8G3dgY3AXlnM,
R_BVMpBrmIaeEGSrv,
R_a4VgIaYnxG8F46R,
R_1jrzsm8cB6hvKgw,
R_1gwjgJXOlmVlpPp,
R_125V8DmLQP3v5to,
R_3plIWZAM9KqPJLl,
R_1NtwYJjLuTPnTms,
R_3PZc14DJkD34hep,Netherlands
R_OkYlqqKmNV1VyuZ,
R_2V8W1aB2VJz0NUr,
R_Qd2gIYGNAMAEqeB,
R_8f8ofOHyfDHoO7D,Netherlands
R_bdg3GSxlVnz79uN,
R_27lOqpgDGA7k8Vi,Germany
R_2fCdu91H4v5pbj7,
R_247CxmkPrRHAKEH,
R_2P5swPWbnygzWrn,
R_VHVhaonLEjYZVLP,United States of America
R_2S6yI94LFYmUnKG,United States of America
R_p9Ki6TuedjwnyQF,United States of America
R_DuBTay8N0jJ3xtf,United States of America
R_3Rr7JZ6aNb8VbDq,Greece
R_PLPTDJf9mFMTEvD,United States of America
R_tXM52XKkmqgaiGd,South Korea
R_3PmLFcWM1O3ZYzy,United Kingdom of Great Britain and Northern Ireland
R_114t1d51UtaMPZN,United Kingdom of Great Britain and Northern Ireland
R_308pqIurejkd8SE,United States of America
R_WlpHkcm2jNgOg8N,United States of America
R_24N77oaY6xvmKkM,Canada
R_3hm9WT4ZmYCOGoZ,United States of America
R_3qOqyytS9X4iRSy,Spain
R_t0cmlQI8SNDMUWR,Philippines
R_b951JMVYasE5xzr,United States of America
R_2sR87tRiS6LUKii,United Kingdom of Great Britain and Northern Ireland
R_TvylIQWBaSZsisN,United States of America
R_1lzRarPUE0RzCUh,United States of America
R_21nZ1scimVQBt7t,United States of America
R_1KjU0NmFN1W4Krv,United States of America
R_20Vec9yYr9mMsbW,Albania
R_1JV062mRG5B26dU,United States of America
R_3EcmmkIFQp3McZN,United States of America
R_1CBKjVNfsBwqFTF,United States of America
R_3dFEc2RZXDIT7MQ,United States of America
R_w6KiTti4Q4U73LX,United States of America
R_xzpbEbDE9VgmG9H,
R_8vQ0kzkpq5bZyw1,Spain
R_88JIq7KOgMqitwJ,
R_1IQ7jM7w839QuCZ,United States of America
R_Oga0UeffSOqSWMV,United States of America
R_1IEs2wCMuLhYCun,United States of America
R_1LFK0Ws0Wyw4Ukl,France
R_1fiPmDi4sb4q3d6,United States of America
R_302EFDWeflN22h2,Australia
R_1PcpYRqLVjoiOs4,United States of America
R_1mF1hgTeUstQwIl,Italy
R_20Nalq0X6w3MMnA,Portugal
R_2QMAjlumcjjonXm,Croatia
R_1l9K7edzjkVX1dO,Netherlands
R_31L586cuyClRbam,Belgium
R_3Mri5JfDezagiOQ,
R_D17OK8f0OdZGrM5,Canada
R_1fk3UyCoHyKoCCC,
R_3flZMnQnhhXp2fd,
R_3qWG7iRoro7lTdV,United States of America
R_DMlSSH5qCV1LOQp,
R_3EZrv6ryOCnBvL7,
R_1mWUHKJzlkHLD6P,
R_3JCUA6a1MTDIaA2,
R_AdlWYcBRGcEM5wt,
R_2VKoNyfmJyNUOdP,
R_32RSCNtldMnUgXA,United States of America
R_1oehgDlpAvG1HXX,
R_339yWAOe1b19ZSs,United States of America
R_110yewxuU2c4TgQ,United States of America
R_1jSRlshRHVcrXc0,United States of America
R_110Gi1vwmmJSeku,United States of America
R_1gnDYIeQTBQeUzL,United States of America
R_3LgOsqrRHgZs8pQ,Canada
R_3PdEm79IskebvH7,United States of America
R_3qfGRwecGRzW2Q4,
R_2bV4qBju8ggnD2G,United Kingdom of Great Britain and Northern Ireland
R_1QhDL7XEmws27LC,United States of America
R_33wkO8YXgtTH2uk,United States of America
R_2cbCEB5r8v7GL6d,United States of America
R_3hmPNXfSTSbDyb9,United States of America
R_0GnoN3UA8a39IJP,United States of America
R_UaobPfINDvYz81b,United States of America
R_06U0aSTQWt4jrDb,United States of America
R_2VIqLfaCwsDOtpI,United States of America
R_D6QUjAZ8podZXKV,United States of America
R_10x5odV82miKhUR,Ireland
R_2aOUsWyND9S9LPz,United States of America
R_2tMt3WX2BRk6eBn,United States of America
R_2fJsKiHuhQEzF53,United States of America
R_1reR49LOST9ob4e,United States of America
R_1Q5cqYsCBm0L0Rv,United States of America
R_D020HUXKRf2qcr7,United States of America
R_12lFgyF0xbkFora,United States of America
R_3KSXBL6tf6XSQEm,United States of America
R_XgC7PyCxDgaHECl,United States of America
R_r9MBxcG1iUBwsrD,United States of America
R_2fEcJESH2AEjciG,United States of America
R_1nZLUcaVAEfx1tw,United States of America
R_23VUG5CcRakttfj,United States of America
R_2zkkeBdthrDV4m5,United States of America
R_sZmZcld5pInWzct,United States of America
R_2tzhoQlcPPXG5qU,United States of America
R_2CeqTfpKTDAuDnr,United States of America
R_3NIMfE0ZI8JLnVA,Canada
R_10UC4rpJoQRphQ5,United States of America
R_2Eis1tnfL7rB4RT,United States of America
R_2uUHJgkS33g3JtJ,United States of America
R_xxEBB4ylqS8DJhn,Kenya
R_30bL9b4qqkgyods,Kenya
R_1DYdr0E0K4wzAEf,United States of America
R_3MRMcZBrBdfvdJK,United States of America
R_3G1ZlcMb8b6UUk1,Spain
R_2Srf7DuDvfTZOr5,United States of America
R_2hPqjOUiaxETkgp,United States of America
R_2Tz767IdTqt0XGS,United States of America
R_1E5SXJfCO1qlq0A,Canada
R_21zd7dDF8O0aDxN,United States of America
R_2c8jPMwxeb2pbup,
R_3DnGwj8HWEwoDjR,United States of America
R_2Wxu4PdW889TBac,United Kingdom of Great Britain and Northern Ireland
R_2uVUyX28lYPhjbY,United Kingdom of Great Britain and Northern Ireland
R_xg4p8EFw3UkI2bv,United Kingdom of Great Britain and Northern Ireland
R_tYQhZtGCEN22SUp,United Kingdom of Great Britain and Northern Ireland
R_2aepysiX7I0Gjyu,United Kingdom of Great Britain and Northern Ireland
R_3iXANRBDRCS7nHf,United Kingdom of Great Britain and Northern Ireland
R_1ifbgsmhnQcfPhI,United Kingdom of Great Britain and Northern Ireland
R_1DHaxwSpOrhmQ5g,United Kingdom of Great Britain and Northern Ireland
R_3GDKKNJDOvIAOFs,United Kingdom of Great Britain and Northern Ireland
R_27fAouudz7DL9PL,United Kingdom of Great Britain and Northern Ireland
R_1dKyLqZ8yO8lO4S,United Kingdom of Great Britain and Northern Ireland
R_3ph8QJQibQXGq2u,United Kingdom of Great Britain and Northern Ireland
R_9AERP15cndegr29,United Kingdom of Great Britain and Northern Ireland
R_12aK7RHgYKjfwdt,United Kingdom of Great Britain and Northern Ireland
R_1itD3qFIJ0W3MJ3,United Kingdom of Great Britain and Northern Ireland
R_2ZIHErvjo1YeL5G,United States of America
R_2OTP3pfgaRw3lnS,United States of America
R_3mesjd6njGPM0MW,United Kingdom of Great Britain and Northern Ireland
R_3spRkVlBUBWPANQ,United Kingdom of Great Britain and Northern Ireland
R_2BrMvrPjHGdHFPk,United Kingdom of Great Britain and Northern Ireland
R_eqwTH8XXKzx35QJ,United States of America
R_2V1rMvKINHNKT1W,United States of America
R_1QzvHWkC8ypSrKo,United Kingdom of Great Britain and Northern Ireland
R_1EZjOH8eutAiXnx,United Kingdom of Great Britain and Northern Ireland
R_3kdFmzH6bBlkN2U,United Kingdom of Great Britain and Northern Ireland
R_tQxfNSw8L08F1XH,United Kingdom of Great Britain and Northern Ireland
R_2sd0YoAxfNhaM5n,United States of America
R_2zMwghKlW5fdYp7,United Kingdom of Great Britain and Northern Ireland
R_3qEv4i5t43bVOOO,United Kingdom of Great Britain and Northern Ireland
R_aahaxm9IOGe8Egh,United States of America
R_Zr5GiBT0P30Jm8N,United Kingdom of Great Britain and Northern Ireland
R_3J3eWzMs5SD1iSR,United Kingdom of Great Britain and Northern Ireland
R_01bnMnjOhzqx3ZD,United Kingdom of Great Britain and Northern Ireland
R_1g5vW99PvdFMECe,United Kingdom of Great Britain and Northern Ireland
R_003fcPKgZpdpPqN,Japan
R_VQgBRIrTuhU45xv,United Kingdom of Great Britain and Northern Ireland
R_1Kj9vhQWfcu9jKV,Ireland
R_3LiOS4sJdCZl06v,United Kingdom of Great Britain and Northern Ireland
R_3L1qn1YADYrsk8W,United States of America
R_27jsy5tTDGxjWQm,Ireland
R_3MKEDWXtGLJ5XKB,United States of America
R_d6exGxJgau5TPON,Sweden
R_vOKpi9biRDwOQwh,United Kingdom of Great Britain and Northern Ireland
R_rcjvWRZ6fEo3oVr,United States of America
R_2Bnya3nWzyqAv7h,United States of America
R_3PcL0UmcNHUdZFY,Ireland
R_3Okb129YDVnD0gs,Kuwait
R_1H5lKRiT28iViAh,Netherlands
R_1Hjg8Boe1jHGEYh,United Kingdom of Great Britain and Northern Ireland
R_3CC4pY1TP0bhIvh,Italy
R_3PvnqkoD3DvzAOh,Ireland
R_AECUZf1Chkx4e6l,United Kingdom of Great Britain and Northern Ireland
R_3NLnoql8hM2Wn7S,United Kingdom of Great Britain and Northern Ireland
R_RW7TYAousUPS0Jb,Ireland
R_2uJRNgHp1bGYaFq,Netherlands
R_3EnhzwDdQDjZG3D,Ireland
R_1hXuIXhxUjNh5RF,United Kingdom of Great Britain and Northern Ireland
R_DqUV2iY03BV33nX,Ireland
R_3qU2FIKR15pr6kk,Netherlands
R_3240QifytNWJFvZ,Malta
R_1hEGS7CcKw4DPuY,United Kingdom of Great Britain and Northern Ireland
R_3QRWvz9n3pcCOWm,Ireland
R_1HhGhetlusTC55J,Sweden
R_USKZ7o5meSCinLz,United Kingdom of Great Britain and Northern Ireland
R_3kiGXGM9tYKuxqC,Ireland
R_1GJ1ecQ1f7CQQHn,Ireland
R_2xDHEgiEj1fcP1e,Ireland
R_3m4xRnkkcfZJQWC,Ireland
R_3Mai0XerPpDVYsX,Ireland
R_323XKxdlGUg88FD,Ireland
R_10vi4UUIhyLlMb1,Ireland
R_1ODKuvS0aor3xxO,United Kingdom of Great Britain and Northern Ireland
R_1BUTwKH7nafivjI,Ireland
R_VJPrZFsxB2CWsox,Belgium
R_eDIYVLfrqga3Wcp,United Kingdom of Great Britain and Northern Ireland
R_1mq3yR6BNGnOVJu,Ireland
R_2ylNiPk7cDoZBgE,Ireland
R_1IhMK9wyCatgXyI,Belgium
R_3PnkA8rJyihpHdr,United States of America
R_vZIjTtz4Dkwmbjr,Ireland
R_W0XEsFY2WZ1XJ2F,Ireland
R_DesHvw1G9hquRjP,Belgium
R_1fgbWEYZ5ktFgVn,Ireland
R_Z8ic3ZTD5rZU9sl,Ireland
R_2a9wN5ejQ5inwDT,Ireland
R_3oSyMvjtTIRQldI,Ireland
R_3RkBEzdVJhiY8t8,Ireland
R_3xw11afslctDTKp,Ireland
R_urlp8EPL7C6CSJ3,Ireland
R_2CrWoIbuFZ8e13Q,Ireland
R_3GCgevaiBHSODJ5,United States of America
R_sd0SnVAG4lO3G5H,United States of America
R_29ne8PnNn0CIxMd,Ireland
R_31pF6lNIzKiuT8i,Ireland
R_2AHBsJF5iLSIjlV,Ireland
R_3F3WBthZcPU4Rsr,Netherlands
R_1Kg3dgQsG46wBsN,Ireland
R_2Ea6FZMcasZbK3I,Austria
R_23Ztg37tdceSIMJ,Ireland
R_3qI5UJ4YtNsvUk2,Belgium
R_WxQU2JOpy385TYl,Netherlands
R_27EfsrPR9kWOUWc,Belgium
R_1MWpg7Ss7MX4EVu,Netherlands
R_3k00fyFLl1lsomw,Ireland
R_1GNRbgVbw4Lc25m,United States of America
R_3F22xbcdLRpnJ5n,Iraq
R_3I3pJbUDFMuH6ao,Ireland
R_2Sc0sV4RH76ak8s,United Kingdom of Great Britain and Northern Ireland
R_1MX4eORSmU99u1k,United States of America
R_3sn7HrOxctkDiGB,Ireland
R_1LMw2xN1G8wgsLU,Thailand
R_1MR3wRjpTybbsM9,Canada
R_2CxZ0yJXxdlUsXn,Belgium
R_1GOiOzGlXygHUG7,Ireland
R_3NUoe7qk0E98Ldu,Netherlands
R_ZEuGTLgAF2GA1kl,United Kingdom of Great Britain and Northern Ireland
R_vBNdLUUcJaWapYR,Belgium
R_115f15LCRFRl7GD,Netherlands
R_RKqPRWCJd6yvAbf,Netherlands
R_3jTfx7UAHIjQUeQ,United Kingdom of Great Britain and Northern Ireland
R_1Qh0vUkPD3mI7WL,Ireland
R_4TO5oBa9puLuuJj,Ireland
R_2cbwSO7DvFXgrme,Netherlands
R_rph5Xx0QRKmJlnj,United Kingdom of Great Britain and Northern Ireland
R_2rDcZebxHXyMS0h,Netherlands
R_4MIsTw7oSu0fBYd,Ireland
R_8IyjLxjY9C8Pqj7,Netherlands
R_1FICNxn9M8PgqE8,Netherlands
R_ymatgGjkttigMCZ,Norway
R_26btM1Dc1t7c928,Netherlands
R_O2sGnTCLg5M4qpX,Botswana
R_2xYwgPDicvS6Qw4,Netherlands
R_2BqEH37L30ChiT1,Netherlands
R_2q8XRnPRpV6T3Rd,United States of America
R_2SkpOUqEZhoalE4,Netherlands
R_21yKs3XG5SDLrRq,Ireland
R_1f0EnjR0arLFhLZ,Ireland
R_1rdp5hFGDTG7nbP,Italy
R_2fD5s25ZD9K7h3L,Ireland
R_279I2qgKsoR2oB4,Ireland
R_12F07YQPeI9jFPk,United States of America
R_Ua46LCBIWJjyKbf,Netherlands
R_1LIDCDKpE6MvBhw,Italy
R_2VxA8OrWJX9R9oE,United Kingdom of Great Britain and Northern Ireland
R_2dN3FrzaDoO1HuB,Netherlands
R_3hyJMbiuO3F3edZ,United States of America
R_2WGzvc3iKnV1rci,Belgium
R_28ODQHt6WT39dxT,Netherlands
R_2qeXhpCiGOMis82,Italy
R_3kn3KxNGEKB2L8E,United Kingdom of Great Britain and Northern Ireland
R_2Cj5G6qdnYn7RLK,United States of America
R_bqpccSVUeGyYs2l,Ireland
R_3nSDZrTb0WsP3y7,United States of America
R_9RhBldEt3EPONEJ,United States of America
R_1gGFDgDfsWH2pzz,United States of America
R_1cXNuMrTAApek0K,France
R_1FIFbe3bEMovn0y,United States of America
R_1dHyjgqgOVnFEeH,United Kingdom of Great Britain and Northern Ireland
R_3L2dqkQI3wsXY9i,Netherlands
R_SIPcqbIh8sTnoid,Japan
R_1NgqivwdMztfyIf,Netherlands
R_1C3y89AqRrHNdfj,Italy
R_3imPkk2dGEhJvE4,Ireland
R_UuWddp9pY9j6iZj,Ireland
R_2BfgrpRDaZ6YmpD,Ireland
R_2eQGCXzZLKWy7Al,Japan
R_2wNpcqQuS4hdeKm,Ireland
R_2ckdcrjvwRnJ4Wv,Ireland
R_8H45XZlrLWrj4hX,Italy
R_2Y3AwDnWdoRiEXV,Belgium
R_2wod72Xqbyum45R,United States of America
R_1pL0jiybLkHMnNX,United Kingdom of Great Britain and Northern Ireland
R_3qU8pLy2Yl6OcHe,United Kingdom of Great Britain and Northern Ireland
R_30oW89szUM1U0lZ,United States of America
R_27TiEM8GjfFl4mV,Japan
R_2wHmzDVzAUoeaGS,United States of America
R_3O7enXxPZFlvE0U,United States of America
R_b2vYoUmd3BSRVy9,United States of America
R_1M5wgOfbFz6FOUx,United States of America
R_3MPuq5yv6ZYyo4u,United States of America
R_2CvyhD2DvGRSkJY,United States of America
R_24nMxVjfAGC3Zmx,United States of America
R_xuqmJh1uaFggJsB,United States of America
R_1OSOmjWoXcq0BMv,United States of America
R_1GIJPFHOSx20FWb,United States of America
R_2YtdNFfof2AaPeM,United States of America
R_O9Zx2p5X8BYRdm1,United States of America
R_1ILyE0N65I5YB9w,Ireland
R_3HS0hLYnGBo0HhT,Germany
R_20VafpUi87hQQOq,Canada
R_XZplMZ6tmnEbV5v,United Kingdom of Great Britain and Northern Ireland
R_2YqPQha6kXoO0xp,United States of America
R_1Q6Cs9lINKKH0ME,United States of America
R_2s1qRjpA2VmlRjg,United States of America
R_1qWIkfwtYAHEZJH,Ireland
R_OBaV72GXTsFE3L3,United States of America
R_1duU0YPVZmEif7j,United Kingdom of Great Britain and Northern Ireland
R_1gC7geqHi7gDwkk,United States of America
R_1MMcKCwLIuu87qx,United States of America
R_2ZQZALd2XiJb7SZ,United States of America
R_3OjEuktFnF9bbiy,Ireland
R_3kvrwkk2HfMuX44,United States of America
R_1LSx1Jhm73rb8tr,United Kingdom of Great Britain and Northern Ireland
R_1JUYiHAJZPopV9G,United States of America
R_Ug0WfXMbQvS9Htn,Ireland
R_1ikAr5rhKDyZTEK,United States of America
R_1EXO1bI5UR3WqWJ,Sweden
R_1l9ppmafgfzkmpx,Ireland
R_2P72JWVPENMLw1h,United States of America
R_3ws4hO7PkbFV6mJ,United Kingdom of Great Britain and Northern Ireland
R_PCKgj5yM2AZPZ5v,United States of America
R_2qg8Yx9q9yutm9F,United States of America
R_1HnLmetnoKXOaLj,New Zealand
R_2WHC3Vv3fsNvLrt,United States of America
R_26m3YNmYtsVG64r,United States of America
R_1gOb23gmiZYUtTO,United States of America
R_27DVp9hOGmscgKi,United States of America
R_VVFOGH3VjOTykjT,United States of America
R_1nQ833meOjOzKrj,United States of America
R_7VVFqEEkuBQsb0l,United States of America
R_3iwj1fi6LHAeydb,United States of America
R_3KImZ9ly19PN7pV,Australia
R_1QuWO9isTxoBNnn,United States of America
R_2DMMm2jUzgkV24A,United States of America
R_YX3JgpFiAIxUoX7,New Zealand
R_enYKhgrzD5SdvH3,Norway
R_1loTTZrTGvOlfhE,Norway
R_33jtsJaBhkmxsl5,Ireland
R_1rJi0gtPJfZHR5I,Netherlands
R_QiHJklgkxMCtOcp,Ireland
R_3sbSCKZ16akzJvd,United States of America
R_3PFegYpPXkVuYsb,United States of America
R_31hgaBYqefK6nAG,Italy
R_ZqSAjROr0DxqZvH,Brazil
R_1d44Xdzy58qrNOG,United States of America
R_2q9Rrw5JQNAxTGf,United States of America
R_2ZNvZnhQVl8jLdI,Japan
R_8q4au1MWCoKzH2h,United States of America
R_1d7crSDSkt4KV4e,Norway
R_PUkBOBKMtez4bMB,United States of America
R_21haP1f9Fi67a9k,United States of America
R_4PILlJZzE7gaos9,Czech Republic
R_3fBkdk4gmJq1Bxp,United States of America
R_3MgU3Jsw0CDpnBa,United States of America
R_3Mya75Lw5Kem28f,United States of America
R_1Ok1I30ec0wjwKn,Netherlands
R_22M4cUpLjKHtHXL,United Kingdom of Great Britain and Northern Ireland
R_3NKzqTJOA5onaNC,United Kingdom of Great Britain and Northern Ireland
R_3PzUG5uqqcsNtuy,United States of America
R_231tVlCQJvRwGO1,United States of America
R_28UjeE0zFZYSVcD,Norway
R_1JV1FuF5gKC6oKP,United States of America
R_2w6o0Nr6MKdqApb,Australia
R_RF7OSrp3WxMsRrz,Ireland
R_12EcUVo0iE5mNho,United States of America
R_3QagTHAIEjvgml3,United States of America
R_Rlwzl7QrVeDbKE1,United Kingdom of Great Britain and Northern Ireland
R_2BxkLI4dPG7dTn7,Belgium
R_28P4cCaIQiRIR95,Norway
R_23efDBAsvYyQIH7,Norway
R_aatbBvtEtj7fd1T,United Kingdom of Great Britain and Northern Ireland
R_3dPQsokJI7P4TRI,United States of America
R_3ktUMWwYhX83xuH,United Kingdom of Great Britain and Northern Ireland
R_2YFEIQeN4W3U95B,United States of America
R_3e98i7fjnzWXjby,Argentina
R_33pOW4bZ873henh,Ireland
R_3e9OFLoUerr7EJC,United States of America
R_2SC4vBnsgEvYONi,Netherlands
R_1r0Oxf3X7xyaMKS,Belgium
R_11ileoUdI2lxdq2,United States of America
R_O3SRKJPDBYUccVz,United States of America
R_sL6pKmAZP4wnjtD,Iran
R_1FhtiPjD3MB8rp6,United States of America
R_3iI5jq5YokHqK2n,United States of America
R_rejW9vJy2DncgDv,Ireland
R_qJbo9BFqDuAt4xr,Australia
R_2E3SVAaQaqUV3AR,Australia
R_BEA2lHl1p0clhCN,United States of America
R_22DnG6KbCRwy9kF,Saudi Arabia
R_bNIJkqByqe6wiWd,Australia
R_2ZVSzETAwmyq6iv,Australia
R_2zGB7K3YPxYQkOo,United States of America
R_23V5bs3K7EnE6k1,Argentina
R_3OlePVuYKVnw4lJ,Ireland
R_3pa0bBQnJVSZ5bQ,United States of America
R_1mwTy8UCjdIBVOg,Australia
R_1nMDrHSjqJXYrHB,United States of America
R_31BHW3kq1TUtbx9,United Kingdom of Great Britain and Northern Ireland
R_11Z1Za9cbVhCVdS,Norway
R_1ou3BGQ2Ij8imnR,Japan
R_1SOOBcqWUiEceL7,United States of America
R_3VHa0xKnhFizSBb,United States of America
R_1pQ0FepDn1qkT8m,United States of America
R_1hFh7EEtHaZcXFH,Canada
R_1E5JIVFgchT3PKA,New Zealand
R_3MDPjqhCsvcaaMl,Japan
R_2TtNPgeCAqdQdCd,Argentina
R_yr46d9vzUAKZFwB,Belgium
R_9pqpACP6gdadI9b,Ireland
R_28MujnozuZLPuSg,United States of America
R_A5xJxjlGfjIeExP,United States of America
R_3HTTN4OSXsu6Iee,United States of America
R_2qdDikl2esqd3Ql,United States of America
R_2SC8NxJpYWUgfSe,Japan
R_1IFt48tDUE1Gbi0,
R_1pGUGXsYH5aHGyx,Ireland
R_1rJIl2P1SVoLIkK,United States of America
R_3FWZ0Zz6PoWYCdu,United States of America
R_dbZaTsEwVVoRD3P,Chile
R_DdGve1FvsLkcMpP,France
R_3s0Q8x0akgd9Llr,United States of America
R_2uswjeZxyR32vvg,United States of America
R_3L0Sh6IgF172nGr,United States of America
R_0p4uFA4jaxlS7kd,United States of America
R_202YaSy8jvMOEDv,Japan
R_2V2YOcqKj7T1kfi,United States of America
R_2aEId6vk8C91cX2,United States of America
R_22s17ZbdbHqtVPb,Argentina
R_2zwiZobWCvLBnqj,Germany
R_vq2mM6D6BNCjFZL,United States of America
R_bQ8doTsrB4xl0sh,United States of America
R_30kibeI1xI5usQw,
R_1pohPt5ORA5Eyxf,Slovenia
R_1LTLdquoEaOKjF5,Argentina
R_2EsjyWfjeJWPCaO,United States of America
R_2zMy1l7MmpOEIYL,United States of America
R_1Kl0zUGbG43jqqS,Canada
R_3Kr2HiXUGLeo3BL,United States of America
R_1LE7lkdIV9QbJQJ,United States of America
R_3FXNE8vgVGuSP3i,United States of America
R_2hLG8QqkZAll0pb,Japan
R_30faaiJ80kefPBd,United States of America
R_3ExJ5CAquYmkqC0,Canada
R_2dlJXAXXmGyhwMu,United Kingdom of Great Britain and Northern Ireland
R_3qecJCWO9YU3m5H,Belgium
R_1IHl4xQ07DjzF17,United Kingdom of Great Britain and Northern Ireland
R_2rinLyAjbsOXu45,Canada
R_2y1UFAz7RcU7ZlS,
R_2bHkR1ec1U6RZsJ,Netherlands
R_3qX8iBYVrtOKRLW,Japan
R_D1xBSPlsth6tQcN,Norway
R_2qxF5tq3ftjImG5,Norway
R_1C89shCIvmeyHRa,United Kingdom of Great Britain and Northern Ireland
R_vPFqmOiYVtKXKlb,United States of America
R_CgcxoHR0zDanSEN,United States of America
R_3qdoHuZY2d4yhcg,United States of America
R_2SuI6GntETMuSTE,Canada
R_4ZsvZKTxwDKCZdn,
R_UW8GGlTfJQLZDj3,United States of America
R_3EooDV2KxTV5EHM,United States of America
R_3Egu8686r9oakc2,Netherlands
R_31aqYEKRTynbWYv,United States of America
R_1DUdwQZBYcKJw8O,United States of America
R_1GTZS7Hk6K0Oeyb,United States of America
R_yQksbI3OdVfryIp,Belgium
R_2TO7mWZeflazOrN,United States of America
R_2chkutcF7Sewye8,United States of America
R_1IfJDpojd30L7RM,Turkey
R_3PzuakyIupG6WsT,Argentina
R_3MngMg38hjywvvZ,Netherlands
R_20NY51Hpn41LxvE,United States of America
R_1dnb09Ro7XyQQWJ,Egypt
R_ZI8qM5Ynk9hikud,United States of America
R_3KI6EUfVQnrrqBY,Canada
R_3Rdv3aG6Z6qV4kc,Australia
R_1pnuAziuqYrtaF3,United States of America
R_2wQCmzLhWDpTTUO,Netherlands
R_1QnNoZIiVXtLLZm,United States of America
R_eJvsjPdr2zFJIVX,Egypt
R_6JqLJ8wZkfeexEZ,Canada
R_2fcVXDWdAdOkIhT,United States of America
R_3kG0VAeRJ4xVkKL,Hungary
R_RwAb9wz890o4oTL,Poland
R_byf3KHgpfU5XVst,Poland
R_2rZTbmXaK9DtCSj,Poland
R_1dgYMZUntjjB0tw,Hungary
R_3lKxDk8h5WBoFpD,Greece
R_b8A0ROwEqcOYhJn,Turkey
R_1mshSvleWCftUAS,Hungary
R_2R7JTAfdYhxZWGj,Hungary
R_2QLCPz5Y9LEC8k7,Hungary
R_1oe7iL0UsZ0cJqX,Germany
R_30jlbz2QbaE3Nm2,Bulgaria
R_2nP7xpbYaSkWTXH,Hungary
R_3p9o8AHP93u6eur,Netherlands
R_3R1SPMsuQbLcGI6,Spain
R_3PjCSUR1x7hSQ2H,Norway
R_3HMQd5BIhkK6y49,Italy
R_1l3mPeO6qpWvgvD,Germany
R_2v7GBhasigIeUIK,Norway
R_ALGd9W7oWUQh8xH,Ukraine
R_3O9av7hNMxc6grD,United States of America
R_2VPkCPW58TEY9Cn,United States of America
R_3LgOrxdycZVRfld,United States of America
R_31AGFMSrYUteXJm,Australia
R_2zu6KWNDIH5KZ7G,United States of America
R_3L84qOuiXy9D3Bn,United States of America
R_xruSBodxgI8WlDb,United States of America
R_1gzNTR9FeFmagqX,Canada
R_2Y2GoSIxp9j2gBk,Australia
R_scUMx9YO0O8BMI1,United States of America
R_3Kq4kQi0S07zzg8,United States of America
R_3JIr0ilj0mWlrFx,United States of America
R_3lLmcYFjLTENHL7,United States of America
R_3n1wdy25NhpIhNV,United States of America
R_3nwozkXny8nJHDC,Canada
R_3EneKz3M8HBwDqx,United States of America
R_1H0KGAIxWIRPcng,United States of America
R_20S5RTNVSan5wl9,United States of America
R_3k7F6zq9NYV8X8h,Portugal
R_71a1hoyLNYu0L6N,United States of America
R_1jPyCWApW1uELIS,United States of America
R_2PjuktUwDootXOl,United States of America
R_1N81urAuY2X1NR8,United States of America
R_77EDhsBwaDSGtGN,United States of America
R_1oAXfCRLAICuYtw,Ireland
R_1it9wOs0opgyGyJ,United States of America
R_1GQFDG1tPk0wcTH,United States of America
R_u96Pdmf7EsTLhy9,United States of America
R_Zn4p0tKmpctyR0J,United States of America
R_2yr8oSQhkEXTD7a,United States of America
R_2CEcsAr0H7xjs0W,United Kingdom of Great Britain and Northern Ireland
R_1d4sOVyoiYOuBFC,Norway
R_22FarLh0oZiAYbN,Norway
R_z0fcfO6go1cm6it,United States of America
R_3HCxDuSDdXAZFyU,United States of America
R_1rPvaPoZNUAX8FL,United States of America
R_2wnLodejlCrlY1e,United States of America
R_AnCFnBQNM1bgsXT,United States of America
R_3lxGvEAbOZL6XAR,United States of America
R_3j2Kb3jiOPkOz7J,Ireland
R_qQTT2YDhAMaKWsx,United States of America
R_1I59XA2DOrQsXOY,United States of America
R_9Z9FAQWFAkPaxO1,United Kingdom of Great Britain and Northern Ireland
R_3n6DqcNfZ1ksjMC,Ukraine
R_1BW4eTQ9TZROzyA,India
R_27KEEKst5OIubPY,Portugal
R_b71gx6XVt1KyNu9,France
R_2UbjNfWHVsZC84y,India
R_RV3ArDutr3IQGR3,United States of America
R_9sPPuWVsJ11ewy5,United Kingdom of Great Britain and Northern Ireland
R_BKwdBAzaoFKQgO5,United States of America
R_1207akuz2gdDFAe,United Kingdom of Great Britain and Northern Ireland
R_2y7AAEVso85O4aw,United States of America
R_1GD2rwh1QqcUJI2,United States of America
R_25ZLqvye1EHGVWv,United States of America
R_3gSGAKnqMQSZDLk,United States of America
R_29mQx4EBg8tvUcj,Norway
R_6zGnIFQ0Hqhr477,Philippines
R_1EimQ9LtGSUe5m8,United States of America
R_W9uS9vRYZKI3Ovf,Slovakia
R_3e9q5mM2gdqJC1f,United States of America
R_1PYGyLe7s2AegWh,United States of America
R_2EDVzPu8Xh7CFHR,Norway
R_CekVQhGnTu2Mn8l,United States of America
R_3sdBncnjevt3q7g,United States of America
R_21hs2tyt4OmrPEF,Iraq
R_8ffrr6hsBgM2LeN,Peru
R_3JkqyxtBySltKGH,Iraq
R_2q8goCTEtcf3e9s,United States of America
R_3J9nHtQxmpiVzyz,Serbia
R_Dd8lOEwyBDEMow1,Norway
R_3s5lAz60C4WZNQv,Hungary
R_cSJdyPUDAldRtVT,United States of America
R_1pMXQhRvafg76Uv,United States of America
R_shbIiHTiev08ojD,United States of America
R_1jB9KR0mOGnYV7n,Hungary
R_1HqVjYXoLa2CMv5,Ghana
R_29ulOxGbosu0NXZ,Hungary
R_1BXEDOoyvEm7v1K,United States of America
R_yDPjiEvBVY0LN85,Germany
R_246iz9ioVwVwIzo,Italy
R_2qy172QPQOKMuMg,Hungary
R_3mm15lsiitwooG3,United States of America
R_3rZNrxIAWhSkoAJ,Russian Federation
R_1QF0ILaup4gjsvG,Italy
R_3wwyf2MWjawA44p,Greece
R_3q26mGvfhlblJjb,Argentina
R_2AEfZjMByZmL0gA,United States of America
R_1rHV8wpU2exmEsL,United States of America
R_2SwZAOmXFPzTE6T,Australia
R_1FRGqXlYa8h8Yg3,United States of America
R_2YEOEcKAKmw6C8j,Portugal
R_1Flb7tVR3YbeKnr,United States of America
R_3EuneajbyUyVCug,United States of America
R_1LIpmDjwoD1kmb4,United States of America
R_1lttMM1PUJMd6gK,Croatia
R_2tDtV30Px6DdwMA,United States of America
R_1MLI21X4gkc3qpp,United States of America
R_1OxHI2SpZSDMDy0,Australia
R_11gZRteWfb8wlLG,Argentina
R_1gcKKEDhJvZ1uHB,United States of America
R_2fdoysmFPI55RCX,United States of America
R_el0GpugQCumXkwF,United States of America
R_3egjo0LKCMae0Us,Malaysia
R_2ZV2auIM1RXU4XA,
R_12EzLWxmibGWwfO,United States of America
R_3JH0wYogtFAJyNz,Canada
R_Raf8bwnwPNwDGqB,United States of America
R_7WLI289jjIB3LjP,El Salvador
R_2P5UnwwjHAfHU0s,Australia
R_3R4shnNvahB9jXA,
R_2TyLBM0pvdH5xE9,Australia
R_2Pzex2D9wi2JYpk,United States of America
R_3qvwbnlF75vfuBF,Kenya
R_1OC8zw7YijTpBmw,United States of America
R_1n2AXZJVAL7ekyo,India
R_VXepuPDvMGPpJtv,China
R_3fkpVzdwGtdRpl4,Norway
R_a2XrR3qqamCSjnP,United States of America
R_3NDHnyicwLLj2p0,Ireland
R_25Y416XZzejW2Rz,Netherlands
R_0eSSWqbqXaSTbSp,Brunei Darussalam
R_3FQCDlv9CnLJKcB,United Kingdom of Great Britain and Northern Ireland
R_3EG9mfl8ntosg0P,United Kingdom of Great Britain and Northern Ireland
R_3R3kALKUObf9d5G,Italy
R_8pQAxOZSqkYUFAB,Netherlands
R_1OQ6LhIgdtXxXQ4,Netherlands
R_3E9IpZQz2Ir12uq,United Kingdom of Great Britain and Northern Ireland
R_10ZCArLsMWXsktI,Norway
R_3e8nVDrXmqJ7Y9N,Hungary
R_3HLk9V8lFe0Rfo1,Italy
R_2QFXCWnQa4VuGWh,United States of America
R_3EYeNBfmWQWjCpG,Romania
R_1Or793sPWFuUVyj,Brazil
R_w80IJE4rLLUVzEJ,United Kingdom of Great Britain and Northern Ireland
R_C1YhGbWLN6ZjJzr,United States of America
R_2ARbzkaLvlgvvmC,Kenya
R_3ErT0I1PaAFH5WO,Belgium
R_24NVCEdJQ9ZaaVb,United States of America
R_UllUUXvQFeg5ms9,Italy
R_1P5ldXso9Yb2C4G,Norway
R_2QgmnWFAEhA1s5P,United States of America
R_3efzKO96sYyowkc,Italy
R_xbFmWn2GAy83aO5,
R_2ToybOFp2bk4uZR,United States of America
R_3lAj3WeG85KvLEf,
R_3qgH10CNnwcifm2,United States of America
R_1Fh4bwlwbAKA4gX,United States of America
R_28UvLuSNm0TRgBJ,United States of America
R_1pKBdrz9jnm0zpz,United States of America
R_2uJxGoFbZWP0j99,Australia
R_2uxLbLqqhSudo30,Canada
R_xnFbQkGF1dtlCnf,United States of America
R_2sQJjJAWH3rSsq7,United States of America
R_1f8hxVncrtav3gc,United States of America
R_3Gq9WgSKwE7YA3U,Spain
R_1F8LjAOnlvL8Auh,United States of America
R_2f8yZDbQswA86TQ,Portugal
R_2rVfeQ1PTHlUXYu,Germany
R_2xFXSSHqUF1GfL6,Mexico
R_djw4oUtOW6MtYvD,
R_3OrBuB2ucaEoRiQ,
R_Rw542dqM7zMKwFj,
R_1S5CVm6G10ZeM4F,Australia
R_3Mu0uzGaBWbYCTD,United States of America
R_2ya8qhAvWtRnu79,United States of America
R_2zRMl6c8wAyEPKt,United States of America
R_PzG1TkBpj4GGo0h,United States of America
R_UGR6gd4kTDbDqA9,United States of America
R_3HXHjwn3l8qvLqG,
R_28TLuKYTYQbEOMx,United States of America
R_WkQvo1wcL0pqgQp,
R_1o8fdd3VFiJQ3vm,Brazil
R_2doHtPAMVuMVkjK,Brazil
R_2tlMXZld9AnpDNr,Brazil
R_1mgS2SGHTC6doR1,Canada
R_3nNTuOtz2HdWPST,Brazil
R_3iWl27xcDqpPu1d,Italy
R_2z87LOrCFskI9qQ,
R_ysAApeNXnh8Y9eV,Brazil
R_UF2Xm5hdl5QOBgZ,Brazil
R_2cwnbF38HGM7WgY,Brazil
R_PMvYoiNZYbM9zS9,Brazil
R_PIoqwfK0cXVP8UV,Italy
R_3066rSPVaTCwt1G,United States of America
R_9zPQiHvobnNkRTb,Brazil
R_1Cs7SpB8WdzFrKd,United Kingdom of Great Britain and Northern Ireland
R_1lmLJrAeywQVhAL,Brazil
R_3PTCGA9U9fE3wNC,United Kingdom of Great Britain and Northern Ireland
R_1JKJt4x5HHII6tU,Brazil
R_d3Zw4I2IEAqdwWZ,Brazil
R_3npYmPhRwJMpP9h,Brazil
R_1qWJ9YT0qKk0SiN,Argentina
R_2EfLY9uzkes3KrC,Brazil
R_12LqyR3Pvgv48gH,Brazil
R_uenIXQ6UwHe9ww9,United States of America
R_qPE4RPHyCj2Tmvv,Canada
R_byJma08Hvhi6OI1,Brazil
R_pASpwHe35RI5bQ5,United States of America
R_NVVbUY6vOKOcK7n,Ireland
R_Xv6Ea13kr34AByN,United States of America
R_VUcdRxdOuq61Buh,Australia
R_1H0l8lIttjIifW9,United States of America
R_2VKCWj9SuOVVxsh,United States of America
R_2yqQzIJTDcvoDeP,United States of America
R_QmE4wgalVjwOWMF,New Zealand
R_3no49WoKgWWdwzo,United States of America
R_vHU6S35AJw41KX7,United States of America
R_1mkm4tVX6EXLcbh,United States of America
R_21b980Ht0njLViv,United Kingdom of Great Britain and Northern Ireland
R_3p2RuOrEoHjmVw8,
R_12JQE36pVouV3VO,
R_UMSPDjGEHHlsKNr,Hungary
R_3r2kkxVEw5Sx4gV,Brazil
R_3h0ztzTUCP57mph,United States of America
R_1Qi2bFGksA01fff,Brazil
R_XRhgBNAhXiXCECJ,Brazil
R_1Id4tsGZ8aZEJ8i,India
R_2oCb492cvcRbm81,United States of America
R_vwT5sIVydKN1VS1,Cyprus
R_3nHNKZQDtxLIvIF,United States of America
R_2Ptd5Icf0jYLXAU,United States of America
R_1CyHjZ0IONpk1KT,Cameroon
R_3O0wZ0QKkEOUhkX,Sweden
R_21Amx4UkFP4uuje,
R_1cSVlqlcqhbju1K,United States of America
R_1jB2A3FX9Htvf49,Poland
R_3EXMYGySW72KVgU,United States of America
R_1f0AhAm3SG6nS2c,Chile
R_1rDQxAwSD2bMUqK,Netherlands
R_2TzP7FtiNwQxY2C,United States of America
R_2aJ0qdHdXd9KgNI,United Kingdom of Great Britain and Northern Ireland
R_31Kn8Wx0vjs3kho,Netherlands
R_2YfiiykwXMBdHzQ,United States of America
R_28SyL4WQMn2bZ6J,United States of America
R_3HBP1bnscJBUyAk,Brazil
R_27wfNniiAyZZRhd,United States of America
R_00s1949KVv9x865,United States of America
R_eLIfK0KNFhjdnnH,United States of America
R_2VgtGJRgYIWy6ea,France
R_AguVyTA8CcmLKsp,United States of America
R_CdKr9p3MCfdvoI1,Romania
R_3KAE9L6PWxJ7UcB,United Kingdom of Great Britain and Northern Ireland
R_3nHQo8xpbXkdvrz,United States of America
R_PTEhC36PrC7Ca2t,Japan
R_1EbcvqfnxFm3SAe,United States of America
R_DBtmFHm2015rx2p,
R_3OfaH6Edupn8L4J,United Kingdom of Great Britain and Northern Ireland
R_2rCujY7ZDu8ydFk,
R_vHSVoXxE2ACIg13,Germany
R_2uqQ9sYeMrKKRuU,
R_1d4bsHFryHa4E2k,
R_238eF8OR8YL1Pte,
R_1MKtV2yWDWcAWBs,United States of America
R_2tEhs37jtOaI7Oi,United States of America
R_3QK70Mjmw8SNT23,Portugal
R_Uo3IJZZWQw1xmBH,United States of America
R_2UfJhNf74acWYmP,Nigeria
R_p3HVtm9t4TgdMv7,Brazil
R_1FhUTxhPkadhvqN,Ireland
R_2rqJusdzohVoBL5,Ghana
R_2qqr5GKjyMATBtp,Brazil
R_1gTsHc1xRdZkKKw,Australia
R_sFNEiVQ1OB6zmz7,United States of America
R_2YlcsLp6WSyBTA8,United Kingdom of Great Britain and Northern Ireland
R_XY3Fl6miWCgZ0M9,United Kingdom of Great Britain and Northern Ireland
R_2S96wmIbeAmBXI0,United States of America
R_1fkjFeAlv0MzgvV,United States of America
R_1FPpOPLxsm2dVzb,United States of America
R_3gZTAddXop5WGGs,Peru
R_2S0t8mGuUq139Vh,
R_74yrzmkV83iioil,Hungary
R_3nrxqZxZoxizM6Q,United Kingdom of Great Britain and Northern Ireland
R_uexw50TTO20TXeF,South Africa
R_3JsmFsarOe8uzFm,
R_2rUy5AxZRmBTsEN,Italy
R_3fBlFIjni6ybT48,
R_2CBu8qnKigVAYWm,Belgium
R_bkm1tvfdhGH8Ckh,
R_1FnArOR8Eg2Omfg,
R_1Kv7DRUUmN9xNQZ,
R_1MW06zcJljCtNnT,United Kingdom of Great Britain and Northern Ireland
R_wXIWZOJVLeqCiSR,Haiti
R_3q3A9Oy7CZ7bGP7,United States of America
R_2Y4UgUKmdhYOsvu,
R_3oArZ9FzkyxkZ5f,Spain
R_2fpyBqUVTJrHlX0,Argentina
R_2dTnzKPEJtB9sVI,Belgium
R_3g5iWsQCndIFKgM,
R_1lcmL4yVCUsbs8x,Egypt
R_2TnroMJZu8b2mEo,Egypt
R_1K1Jnze9JtJslKP,
R_1irCrrdDjDFw4lp,
R_10IRrrrZL0UPTys,Egypt
R_3lygDEsR5Z39bOx,
R_3M982wjV20m5fMf,Canada
R_2VvXc86atsqAbe0,Brazil
R_3HLhrxzmnudYCox,
R_2tJWlg9C44qyw6i,
R_1isw4EPNUeIC2yL,
R_2U6gsQHApPyLNN5,
R_3lEJPllhUsQYCf8,
R_31o728WikGZ8ODo,
R_Zkv25eqK7ssVEaJ,
R_3HkopOFLeWObUqf,
R_2y1TtTQblYrpHwa,Argentina
R_3mmXnRVY1Hc63Kj,
R_3lsRUwtEWG0LSYf,
R_DrdRr2kUnaQKuQh,
R_2wMHmflFeZeNkox,Egypt
R_1CfNT3bYxsxBD9E,
R_1igv3BiDGk6qxc5,
R_3KAAQEMO7LCOWCB,United States of America
R_1fdASaL7P6YAsbe,Canada
R_3kt8odeWRWtGZ6t,
R_a9Rmoi8376GwRvb,China
R_3k0WHHsjfGC2Nn1,New Zealand
R_tX4HswQ5Lh6L55v,
R_DMNZBoi8nsYjOy5,
R_3rV60L5ujtiQa63,
R_3KZuZoA1fFEOejr,
R_BPUAwvZk2vnOzqp,
R_2wtaNy4TDr2RQbH,
R_2CDk6hoXhJNo3H3,United States of America
R_1FxmpjBEzIpcBRz,
R_1GK40jcYTT541xx,Netherlands
R_1gzEQftV3xtDbL2,
R_3JFoTyWYXbmXU0J,
R_1NFbndndn50lQyT,China
R_6A6P2ly64XEtT9L,
R_3qrLnpUs26FSVXm,
R_273f4CyE9NSy9sG,China
R_2wTY05kKiH7SM4M,United States of America
R_2pWavpBCPT9h9OZ,China
R_Tti4WHM602lpmN3,China
R_1C87573u7PD5Ut8,United States of America
R_1oBTIf5GaRlygKq,United States of America
R_2XprppGy3M4oyKd,United States of America
R_3E9WN5QHVyJYd3Y,
R_3fvBZ9jWAUJCngW,
R_8kUr44sDrIcCPux,Italy
R_3kmJAdU0wSPy5V2,Italy
R_2zedJQ5JXFoaICV,C么te d'Ivoire
R_1guRpcBTQlk1UoN,China
R_1rNYhX11cyfq8zA,
R_2SvPTovFzzOCuvv,China
R_81CH1TN5x3YU0pj,Japan
R_1hYcKQ130aaG1IN,Afghanistan
R_a473UbDlSBxDSPn,China
R_3Pua8IHVb1qULpv,China
R_1rPppqNhHcLz15n,China
R_2fs5DARSwuzgOZc,
R_ZrAHGEYWnNVYWCl,China
R_2zw2QNYOFeubT0d,China
R_2e2sqhStIYCn8Q5,United States of America
R_2f1zXGjAuTNUk8Z,China
R_2w7GRV5fu0CNaf5,China
R_3fUyAeHvyjbwiF4,
R_3JC9DY2tHjffIT2,China
R_2QQXJzoTuUOJUVI,
R_2uzdc5jsMJ47wPL,
R_2Yn8ag0vo3EbzvY,
R_viOu4gdVsw0Ur17,
R_3qi7Ch8Kzn3J8zL,
R_1NzCapaMTdeR0iw,
R_2Ea5jwZwMYwF3uz,
R_scJcTgb6b7EZ9Zf,
R_bJCFnpKF4KlyPjb,
R_3HQcY3r3VC3rcVr,
R_1hQD4NoXkpUBKZi,
R_1I5BPOwEU3RNJju,
R_27a3w6WLwNMJu4p,
R_1HpMopAQlGTeTAD,
R_r2oFBrIPOw2HDkR,
R_2ve2xHkUIVf4qPV,
R_C80PTBEDu8IP01b,
R_1rHYwfzGxACHedO,
R_DwyE7VC7s6t7Oud,
R_1liaPgQKazheRgT,
R_31iOx2uZxuNlLXZ,
R_1JL7PYVLh6AMv0s,
R_2pYsjTScD4EKkFR,
R_rfMLIJatQvmHO49,
R_2S0LNvwqO9PqAr2,
R_2pSQ0sdx92BRZWn,
R_PvbyRngTtMGtIpX,
R_1NlGN9zbv9RbA1M,
R_0D7SwKFj9RhKn5v,
R_2YKPqTjvA0O9fWY,
R_1kMQjzbbHUfbMFk,
R_2Yfy2IBNDsDs4GD,
R_xu8Om3pAy5f3tlL,
R_3DjdYQwwiaHrljF,
R_2tFmFaRoCRu9aA0,
R_1mQQjMnYkC215MH,
R_1pGw9JRuCLDBvkR,
R_p3oEdBS7ImdS85X,
R_XXToktJG4BpYzwl,
R_3lFw7Ym5Ia2EKdN,
R_a5jGJqfvBdUeW1r,
R_tPM4HqgnwBf82R3,
R_1QKt38DzaVMtXSK,
R_29p5PP8Gj9cry7a,
R_3R1qdyxHaiZmwPP,
R_30dzTPWI9SjeciV,
R_3KvmswpCMMmmVW2,
R_31viQCUt5hw0syJ,
R_5pvJshQ2Z3V4Z0J,
R_pGBJCqm8661RQqJ,
R_2THGHBaamxb4iJO,
R_28Md0XMw8zHXAIQ,
R_cMVwt17KD2JK6XL,
R_1CgxxCEDhPQGpxX,
R_2SrGzlgOJvrCxSy,
R_pK2vpm0kllcXyi5,
R_1Gy80LF1K1rrpAd,United States of America
R_1lorVNEfFql4Imf,
R_1C3XLnP1rejS2SQ,
R_3ewqUttRmlBAX7O,
R_3PBknBOdbSJzCCX,
R_UF8rYOBN3u66YbD,
R_2EmB4ymaTSX7QLW,
R_Q4lmOkSNYUtLhm1,
R_3hzn0KSFFCOih5k,
R_1Nbkw5B3A2XlPRb,
R_3MzMUvhXcXzZGGJ,
R_snFBhji3gqHXoVH,
R_2rr8O69aZ4lgsIb,
R_cwQviCjGJz5xkgp,
R_27CipjooXPKeEJr,
R_eeT3cjlZq9b8nfz,
R_28SBc5y5zhlHsLr,
R_WpxzNlqm0RRggoN,
R_AputUA1B6nAZi2R,
R_ebSlfbsu8jNI1O1,
R_24kLtzHeRxFOn4d,
R_vAmi2K6vctCfvBT,
R_2VpVas3OyXuysEe,
R_3E6LdriSRg3dgxH,
R_1JFsEq7jr4Mx0pe,
R_UXQMwKywx3lc5TX,
R_3wOiSoqfzarxXfX,
R_1GKqC0hUS1b7Ipt,
R_2Ph7QjumBsRRbhO,
R_PvaMcAXy5Myj3HP,
R_3sh3JfPAC8jc3PT,
R_2tncOvf89sQMtqV,
R_3EteIgkdwK0KnNx,
R_3Jh1HrU5EsreDOu,
R_27jINbTtYnJmauj,
R_1Eak3UPZI0vmGpA,
R_2tgpStuUA2YEpm5,
R_2YJRY7YV75ZcLwL,
R_2Ug5BH3Ss0BbpiA,
R_2Y52UnyFwztoyfU,
R_1PaWpmFU5c5eMSK,
R_24C1CQOXOq3GZhy,
R_11irCdo8k7JWRiW,
R_1EhqVHlmRZ6tJ8N,United Kingdom of Great Britain and Northern Ireland
R_2ZTXzj2R1dgPPEX,
R_3kc88QMrzCalF5v,
R_31bocbakZomcW86,
R_BLh8BVuta8f6Qk9,
R_cHNdHVoZ4N936Df,
R_1N2ndl6J4rpAfFq,
R_bJjgXbldTrpAVy1,
R_ANHaouEr4Gln3ax,
R_3ke8I0HF1BJ0ZbJ,
R_3kukh2J2u1mBkfF,
R_12fHAUSTR1x1VNU,
R_2ceLCSWpl2Qv89K,
R_2U6eHYfJLjz94za,
R_3ik8Unf2iynZ6yM,
R_3sivaBFvpRV3xJg,
R_1DCiXY1yzbG2Hju,
R_W1zTEVYScSHsPDP,
R_2bT1qEgvYpAxWa5,
R_1X3d8xbYEu4xmb7,
R_2YQaNaeAftO3oPE,
R_O8BLBuvXuHViQcF,
R_27wBELIpshVHHKd,
R_PM0cVSeK4HSoVup,
R_1YrlpFha61WN28h,
R_10vIdBVH7m1k0Qv,
R_2SDIYw3SDdwDRxT,
R_1r96j8sld1baYNj,
R_2VmwzhH4iWTB0lp,
R_3iOmNOg4MypaCV7,
R_1qensFUtMjBeXXT,
R_0GmCfGzp1PV65fb,
R_pnRLRDP6BqmujQJ,
R_1GJ5ErOxWxaOLJc,
R_2Tz9irBRlO9tMnc,
R_3qR1GFOZogWtZXo,
R_3fNShmi1IFEXdcU,
R_1PcLZJtSpLHz3XD,
R_2WH9UJTybIfZ1NG,
R_1pneoBFZQJfIjzT,
R_rdTMn9ZuOow404F,United Kingdom of Great Britain and Northern Ireland
R_z9g5tbsr9n8FI77,
R_pQJZ7hFHgFdwYKZ,
R_3nezn5mOsL7xW11,
R_1FhrHAhA7NB2bpp,
R_1itfIdQn8UOf2ga,
R_2UfkFoYCzFSuMow,
R_06QZ7yGTlH4vNFD,
R_3DdROIQNMU6UPGz,
R_3fGIGbbhpTQijFU,
R_2wafSY6DYgOKXm5,
R_2PoFZG4Bym9tnk7,
R_3nTWdTV41JPW6t5,
R_YXHmkYZLgH842VH,
R_tRRp15Ao9ABg6k1,
R_UJxXDVIpkacqt7H,
R_3JgUh6UgDil6l25,
R_yC7Uu2gIoFJfyw1,
R_b7RBVOCM4oBYljz,
R_3IRyoQq5Uen4xB4,
R_1hLwz07gvdaPpuh,
R_2QKbn7YSA05KfcD,
R_3j99FujBpj9uIlr,
R_26o1nIvA9ZHgLXY,
R_YQerkGwBrpRDjJn,
R_a9Ryur96OmF3SyR,
R_bJifqQLGLQhN5f3,
R_2QrFwCUhZXJbks1,
R_ApJESgJYceUBvTr,
R_3RqhkmyGGKlKVA8,
R_3OirCdUU3egS8W5,
R_2WwzHe9avvE5y7Z,
R_C20cN1TZq9lPl2p,
R_3k5lVZVNLSfrjEI,
R_veM8p0VDQUS6wKJ,
R_3M3ZDKBteGyP9YL,Cameroon
R_337o4WQyydGlHLZ,
R_da3AD7t6kLdUmgp,
R_2wgKHBgTe02rbg8,
R_2vYv9tltfOb9PtX,
R_2zojGzn8gqB8QFF,
R_2e21SqNUiAB170p,
R_1DTfmSUJyMCMCE3,
R_3D58qsGuQ5qiNJh,
R_3BEBlWZzEc0kqbf,
R_3PpmtpeMiysXUXQ,
R_33wBEdzlJ27mJ4m,
R_78l4Vmb0zNlzWYV,
R_29s1pHL9xS4AuE4,
R_2aqPZcSmuK0LIs0,
R_1i8vdVgGkj93Hgj,
R_12Pu9CDZzDCgqZf,
R_2X4fa5SsZHz9B8F,United States of America
R_vTTT95a6xKqg53j,Canada
R_1jBcsy85CCTAy7v,Australia
R_231fzsgKpWoyOhn,Canada
R_9GH3LnaLX01kQBb,United States of America
R_PTXzF3o1MWSazvz,United States of America
R_Xhx2dLoo8iZrkXL,United States of America
R_2WPgaprKE4SpbS4,Italy
R_RaZG4l7jOArMyWZ,United States of America
R_1BXHIe465Nl08PE,Netherlands
R_20NZEQjPB23mFle,Spain
R_2sXat3CQGYuFReO,
R_agEgYEzhln11yW5,United States of America
R_agfwmG7CrOwTm1z,United States of America
R_3FVRtBR4krW3Knb,Netherlands
R_2zUf0oFk182MwaS,United States of America
R_1OCv25FcQPnFoWV,
R_3fV1HzbmScyqV8U,
R_1IhLAP4XMkM58AV,Nigeria
R_3iLmxnUSrtZfc5A,United Kingdom of Great Britain and Northern Ireland
R_2w6Qjie5QES47VC,Ireland
R_10IrkYlTYimOJdM,Austria
R_9ABpfACaRV9TB85,United States of America
R_12M71E85YqDIED3,United Kingdom of Great Britain and Northern Ireland
R_2V1lZw3hqEsrXak,Ireland
R_30wAEObhOnQjO72,Ireland
R_29vlioB0Z4TThY0,Ireland
R_10BOWtJbrJSnIKU,United Kingdom of Great Britain and Northern Ireland
R_2q2bIZVaRfTCzbr,Canada
R_3knUmbcwZZD19IS,Australia
R_1f16lVJ6j3N8XSA,Ireland
R_27EknPs0hhKOmqM,United Kingdom of Great Britain and Northern Ireland
R_272v3DyUO78YgvN,
R_1oqllAzc3WCbHKt,Ireland
R_SSIKLRoe4SHvpSh,United Kingdom of Great Britain and Northern Ireland
R_2QRnSGm5NYBPeK8,United Kingdom of Great Britain and Northern Ireland
R_2WAquEPQaN003bS,Sweden
R_2zO6qS2yvLBFkre,United Kingdom of Great Britain and Northern Ireland
R_1prjwopeUOyluxX,United Kingdom of Great Britain and Northern Ireland
R_2QJSwVpgSJ3zOUJ,Netherlands
R_2tyWfYPaMbYWfg3,United Kingdom of Great Britain and Northern Ireland
R_3MQbXFHOMNENk0b,United Kingdom of Great Britain and Northern Ireland
R_TnkXnfrWk0r5fUJ,Ireland
R_4YPlLwiApEGW69H,United Kingdom of Great Britain and Northern Ireland
R_2WUTZ44nePzp70U,United Kingdom of Great Britain and Northern Ireland
R_vkIEP3u6eQybUsh,Kenya
R_2wcPE52p9Qc4PzK,Kenya
R_2Sxk6ly2zge1MDn,United Kingdom of Great Britain and Northern Ireland
R_e8lV3IIJkfQPwjv,United Kingdom of Great Britain and Northern Ireland
R_1CI2pseJwFMhapl,Ireland
R_DOB3F1nXQzGo5e9,United Kingdom of Great Britain and Northern Ireland
R_vAEMpRvct1V0X3H,Ireland
R_2b0f11u7pqgSEtb,United Kingdom of Great Britain and Northern Ireland
R_2P0fefAwAhYGLYY,United Kingdom of Great Britain and Northern Ireland
R_3sdF1Z0EUEBMD0y,United Kingdom of Great Britain and Northern Ireland
R_YY0646iEe9M0d7X,Belgium
R_1FnZ6CZHOqpp48L,Ireland
R_3lVMGnJHCQQX6qN,Ireland
R_2WAWMTBpZbh2M5n,United Kingdom of Great Britain and Northern Ireland
R_38G0JVrv8wikyFb,United Kingdom of Great Britain and Northern Ireland
R_3McDoFzDpCKKzGI,Ireland
R_1GQ658qnDg2c1PM,United Kingdom of Great Britain and Northern Ireland
R_1OQawbMjtoSUyWC,United Kingdom of Great Britain and Northern Ireland
R_9BOlnl4b95UIVi1,United Kingdom of Great Britain and Northern Ireland
R_eDkJthvgveJQ0OR,United Kingdom of Great Britain and Northern Ireland
R_28ArShmwOKOufud,United Kingdom of Great Britain and Northern Ireland
R_1N4w9pD1F3RrkQo,United Kingdom of Great Britain and Northern Ireland
R_1CvJ6zf6xXbr9j7,Rwanda
R_1jIEazTOwECbhlQ,Ireland
R_1FhbVVJ9imuGiA0,United Kingdom of Great Britain and Northern Ireland
R_1Nw69bMZUBswsDs,United Kingdom of Great Britain and Northern Ireland
R_325XbMXxcXrjrnC,United Kingdom of Great Britain and Northern Ireland
R_33ecWRGWh57woKr,United Kingdom of Great Britain and Northern Ireland
R_3MAq1NfE3qrJdZv,United Kingdom of Great Britain and Northern Ireland
R_s6hVRFGEWH7SIVz,United Kingdom of Great Britain and Northern Ireland
R_1oilcN8745HZrv8,United Kingdom of Great Britain and Northern Ireland
R_1CdKAqJB18fvne5,United Kingdom of Great Britain and Northern Ireland
R_2UXzqAJWFqUuTYL,United Kingdom of Great Britain and Northern Ireland
R_2VF6tKmHJ4NJ5wZ,United Kingdom of Great Britain and Northern Ireland
R_2q4aBaEZ1xJvsy7,United States of America
R_Do44o9ZAppPMI8h,Ireland
R_2QSA3cvcku7T17G,United Kingdom of Great Britain and Northern Ireland
R_2bUzikhT5BJMg3s,United Kingdom of Great Britain and Northern Ireland
R_1GHAYtHorFJWkSm,Ireland
R_3M4EncrgOm9Ledu,United States of America
R_9vIWOaOAjWjbojL,United Kingdom of Great Britain and Northern Ireland
R_22PvR46h9LxEOnN,United Kingdom of Great Britain and Northern Ireland
R_3lqvYHuZ0Agm9Fv,United Kingdom of Great Britain and Northern Ireland
R_2y7oBG3G5N9rsxe,Ireland
R_3IWTpHh29QFYLY3,United States of America
R_1jlcDUTHLNUmvow,United Kingdom of Great Britain and Northern Ireland
R_3OcssGNEg35gfLt,United Kingdom of Great Britain and Northern Ireland
R_2zoOMYcJq6JGSpX,United Kingdom of Great Britain and Northern Ireland
R_bEpg79u7MWKYiNr,United Kingdom of Great Britain and Northern Ireland
R_241N8GNE4hPWKKM,
R_1hR33xtbSQEfGrL,
R_5aKnvL3Mna4ulXj,United Kingdom of Great Britain and Northern Ireland
R_2ZNvU7OPZxLuRzA,United Kingdom of Great Britain and Northern Ireland
R_20VvVmDI9N0BGly,
R_Z1SHXzgfSE3pZK1,
R_5uUp4m2OTcem1W1,United States of America
R_1Oixq6Hu8Awlxhk,Ireland
R_2PC4mnqhhPHmzyj,
R_1pFDtixtHhTGFgk,
R_cFOFnzHdC30aC2t,
R_2sSVdlA2O29IwBb,United Kingdom of Great Britain and Northern Ireland
R_1I4zJPa2q02efjB,Cameroon
R_1Rg0T0xvS7MI0jD,
R_ODqQDmZ4RytsnWF,
R_RUI4hdubFFZRySt,
R_3G2tO4A1Mc3lvph,Ireland
R_SAwkp3RGOUp9TZn,United States of America
R_AET95poLOVgjSyB,United Kingdom of Great Britain and Northern Ireland
R_3h3Lm0lf50vIF0C,
R_Z7yT6zUI8qqTTZT,Germany
R_3jcHTxUzOnKXVk5,
R_214Waza39reb7j9,United States of America
R_1N9r7svWuHQEny8,Dominican Republic
R_2COoFxiQXYgjJwn,United Kingdom of Great Britain and Northern Ireland
R_3EMSJ7zO9hZqgPm,
R_2vbTrk0BVClSQH7,United Kingdom of Great Britain and Northern Ireland
R_AapIxgcLXq6g4zn,
R_3j0ayBTBQPMfXuW,
R_Pv6adWHaGsRQR8d,
R_2WZofmkXRyhUnAC,United Kingdom of Great Britain and Northern Ireland
R_1d0ImBHAz0fEyVr,
R_cHBZqCIw65biXvj,
R_oZfmQdDZlwSxNM5,
R_sjUu37fXqGxtce5,United Kingdom of Great Britain and Northern Ireland
R_yqAwEbQRo1OhdGF,United States of America
R_3FOL0gxhBHCsJqy,
R_3sttOe7bHsDcuW8,United Kingdom of Great Britain and Northern Ireland
R_2DNZEnpMD2UZkJn,United Kingdom of Great Britain and Northern Ireland
R_Dd7gNEzR8fZJQDT,United Kingdom of Great Britain and Northern Ireland
R_SVGA9lSGQ99EoVz,Italy
R_2qw1ULifUyzRcwo,
R_2BntK3YhgaIUoD8,Ireland
R_1GwtUTs1DANQpbm,United States of America
R_2AGXWoj9K5nR11Q,
R_2cd43eqkb5LyG7r,United States of America
R_1Qt2VtRc7GasWr5,
R_R3NFezq9NLIlvNL,United Kingdom of Great Britain and Northern Ireland
R_1Q5uUlrHY5smKtG,United Kingdom of Great Britain and Northern Ireland
R_2UaXNq9eYE4FruM,United States of America
R_3fVRtH0aAW51oGQ,Ireland
R_1rOiQMEACqHjYxv,
R_po1RUaY0xE0OMxj,
R_3rJpPx7Xm574iBk,
R_2zT6ZFwIw8Mewcy,
R_1OxAxvhwuWPz0Uq,
R_1MYRsFofOpbUPQV,
R_3isTvVNiVDpcefI,
R_2zd1b51Z3nH70Ke,
R_3MrgDVuPlHK4307,
R_2OIoHJmSj2Nbnvt,
R_1ocZ8uq9Fvk2z9e,
R_2dhvXyFALviSE0X,
R_2V9oG7UIn4ye3BE,
R_3fZFct3YzvQ3hdA,
R_XTEecob0LpIt8wF,
R_2PdOLXL5tXPuCuH,
R_278SH2EXEBep8rd,
R_24bBZCn3pYRCmwu,
R_1Fwyg0lQFcz4tWc,
R_yyi2EY7001OqSad,
R_Q61NyUTJHESSlKp,
R_1eLTUF79h1RmJlF,
R_3J9uE4xkJ59bnAu,
R_TpB6vMj7PuLX5Zf,
R_dhfRIM3cwFAheUx,
R_3kNamnq013qoxYJ,
R_vf4OXLKVEYiQijv,
R_2dsZoLLOBlkvyrN,
R_28XNXFsCvsoDdHK,
R_31EhGlqIB8jr3ci,
R_db2GUEfGF9WOybv,
R_1qaeJAvxHXsXo7f,
R_3fP0SmiDiQxVc9K,
R_XESJwkfzlqMSUQV,
R_e2GFLjecmnNMCvT,
R_1I6PA2ttYTrHVU1,
R_Rm3dsIcL68x3XaN,
R_d6brJX4WfuR5pF7,
R_vxAhKgIZGfD9sjL,
R_2EiTF4IYHgzPQ5U,
R_24vilowK09FWrFV,
R_1ih4xVZBcgbbm8Y,
R_2cCvKW4EaKONtuQ,
R_1nZo2i3y3zjpkuh,
R_31mWG9Gx8f0pWaf,
R_3NVdzWWT8MrDxuV,
R_3rFXDB15hpWbDI7,
R_3g6aEbEjakF4sSd,
R_3FQBsF3mpqzKmBJ,
R_3qgSdU3XUv87PNB,
R_1laSEum2JLsNxMc,
R_dpp5oqLk9m7qtsB,
R_OwM4Wk7FmdzwqqZ,
R_1n6XLfZwFhZXevf,
R_1KiD6pKzHxQosUM,
R_2aLZ1PjW5jsm7zo,
R_3CItAYAak1NsBn5,
R_XAqrUslWV2MXQeB,
R_Q4Ak878PARSC9X3,
R_1o76AxNkevi9qMT,
R_2ATCpAQVf0DWDh4,
R_11je3aA1KLH0Ugn,
R_3J3o0LLj0goX8gI,
R_2dRzIpgQBFu4vx2,
R_1l4aLRsEmv3FyZz,
R_u20P698AAukLJYZ,
R_3sz8mIF10vf4TFi,
R_3Ec0cIGTjLZIRO0,
R_8kt5uYvkg6GyeXL,
R_1QFXbg24lo6Oj9c,
R_1GwysGcRWq097qW,
R_1M6xsGiGGwYbULq,
R_1KlK3DHSMvdd1gX,
R_2YYBg5xND4sCBUG,
R_3LhY5vt3Y7i9rM2,
R_Av5tlSzvShU9MYx,
R_3LXzrAFyBtn6qOW,
R_Dq1E7ugPpVQlSH7,
R_1oweq6uibfCFS2x,
R_22LeOMHDyyLV3l8,
R_2RR4oMeuMnVEyeG,
R_26hGrBPsEp7ebZM,
R_r7OWi3ZdyPLWyhr,
R_Xv1lc5wO3eVtEGd,
R_12LHVPfpaBwPPLR,
R_5zDkFXhrdTQ3iOl,
R_bsGxXnsRgsHTduh,
R_2CURQH8M3JjW9EF,
R_3j1fLzW96a8Wfvu,
R_1K7T7PKbIjtSc90,
R_2fHvyD5vsHlV7pD,
R_25GXd3HNw8C3Nlu,
R_T5Wd0OMmZSPmcq5,
R_1mP1PJNoIlpDeHj,
R_u1UtXO5KILjiDBL,
R_2773DXeaj2u0g1j,
R_22YutuWPOH6t0bD,
R_cT2uPACVsYPhc6R,
R_1inj2kaHAqOMcsx,
R_DqV6Ite6qeXpruF,
R_1mEoKZ72kA0LYl4,
R_3Du6zcwoa4MqaXl,
R_3p8ZOw2vnTJmDsK,
R_1pMpUcAyzr2gs6K,
R_xzPcqJBQ0W9YgMN,
R_Wl2yLTyMO8IOESt,
R_2rvdC6O9pFfTSeU,
R_1GJKG1Tnob88E1u,
R_1JDx32en8GY5m2Z,
R_2e24N87k9ZwXrfY,
R_210nhRDjmESno5e,
R_24CYfvt3exVBg3X,
R_Z8IsrbmeH8acvND,
R_3sBN3A19IgXFeai,
R_Xk1flAWxehyUfgB,
R_pcn3g8L6qQhh041,
R_2rIYey1cWuuwPvk,
R_3L6V3ch7oNnT5Dp,
R_qK6gC6a5YIzW689,
R_3k1ZQmt4CGnAN2O,
R_29oYBdE96MGpQbr,
R_10oeoHvFx7Y92FD,
R_123erhYB2Vfk3TO,
R_ym6jay25bHNc9nX,
R_1o8aJ0a8OUjKXpP,
R_1GPM9Zck4yIZoaW,
R_OI58l6DHOdpyANz,
R_1lidFTSSV6V1ek6,
R_2aqV7eqerreIh3j,
R_2472KRRgNFIaTRH,
R_3PmQ4YvIHeuUug9,
R_2Csli80TnAPnWoy,South Africa
R_2VJDE4TWj2EHGgI,
R_3MhWhFBu9GNFhkd,
R_1gGtMqemGbUzlpw,
R_3JsBiSQXE9Gbtyt,
R_5go8zPiMoqxvkdP,
R_2zSXpbnGhMYXaVd,
R_1pS5qz3ZtrzPRUO,
R_3qJXFawGAx7tZxr,
R_12rRph5wcuM0Y03,
R_1NlgFQmjwNzhxcX,
R_9zY3xNebBHuSsuZ,
R_2ea7nxEU5vzZyYF,
R_tFHAPmOs9LY7Yrv,
R_5iQkWNkYUnrM2tz,
R_29v7UdsY4OMP3i6,
R_3QK7bLs7iDwG0k7,
R_8GoJEJ4Cfk2vxiV,
R_vAfI3TQ2cNKL00V,
R_R9brfCfWrRSSLRv,
R_24BPSAhrFjJC1nG,
R_29rWNLtPYMObyoU,
R_Xigl8eR7X5O3giZ,
R_ZjzWnBOukeyQimB,
R_2qlRumjNi5AMSUU,
R_32JkQh4ZN2sqH2f,
R_SVJGWHaovQ3qWch,
R_3pcpM5iEoxyMH9Y,
R_cSBDG1AxjmAcdNf,
R_2wiWBAA6jpzKdrt,
R_UgTgIAYOutWLBbX,
R_3j8Pb5GzGD0S2SQ,
R_3n3kOxuEQdRYieX,
R_2wTtFCM7vZSdXWD,
R_umDsBtuzEWnWU37,
R_3Liqb0KM0HnW8s3,
R_8AhDXGhZRXFAnT3,
R_1QlUTfIQPOEzj13,
R_2BgMikjrhanCQn9,
R_1pGnHq8A41Nbn1i,
R_21j35qyGKnuGi6m,
R_1nVZmqeDn3XhNwz,
R_2dEh6gzbyC93ZcY,
R_1F4EUz7KSH4I6aH,
R_3CW1FQuBwDt09fC,
R_2Sr9nakL3JZNdlq,
R_AKHgmTn5OKDsI49,
R_79SjIFqQbhl91bH,
R_2zBDG7kKJHDwAuf,
R_1MMu8Jp5fQBOw4q,
R_sLIsQLbVY4PvGeZ,
R_0CnkzLmbI9IxbGh,
R_2EavWq9my864J7S,
R_3HTaii5yWWgpnBv,
R_2YAhwnjgp3YqoTJ,
R_2tsqZEQAggvg0Ib,
R_BXKi0RHV8FQ1I0V,
R_3HnwKS3jFycPfSq,
R_3lKzm8VxPwMTCS7,
R_3Dd2vbuCeihy9Z9,
R_2EzyPEw6z4AiPfU,
R_2eUKugdApZE1KOC,
R_2amZ1Ps1Fib354n,
R_6SbglWas4bY5lJf,
R_qI8zvbadj6XW8cp,
R_vUKdQjhjOokDHbz,
R_Wj4Hhfnzx4xzQqJ,
R_2TofQSmjZWdttEr,
R_2PqaKoGVPlhubn8,
R_20Z0tyxZb8kcerM,
R_1FbrMZhxlonv4kr,
R_PZZWZbiQeBsr5HX,
R_30nOkLWFWPpTOP4,
R_0TJRruaFqb7G6aZ,
R_3h4q9lwwU5LK75q,
R_1FwzUK3RajIhMJg,
R_29j4phB9LR5Yl2O,
R_3OfrXBnpzd75d0U,
R_2XgIrRJzLlQZCp0,
R_1f7YlASOgMa3hwQ,
R_saHH9qsGo5IZi8h,
R_u21P41ZHemzX5o5,
R_1nNRlVaKZCv7xwP,
R_1LGwCLh1asJfP7M,
R_3oL9IPtfV5z6JZC,
R_3kG4ps7mmFRhQFA,
R_3CUvrMzAT9yMfuV,
R_UFKcjNLBJ0fga0F,
R_pxXUJickzHykPfP,
R_6m85MhTa0yYuenD,
R_3nkNUCK6ZM5NIsL,
R_1LG12aJOmJyFPrl,
R_DB225Z8JRScy03n,
R_1hAojzPlt3tkd4s,
R_1j8nmcKvf2fqmq4,
R_24CSARlF3lr6okS,
R_1r1vhsaWv0OIgon,
R_UmBqxAsK4xJhnwZ,
R_3NUtgx2F7QeGZQd,
R_Zy6ND4q2sZaj9wR,
R_1psMArza4lFjZYK,
R_3FWdF0E3tPsRZHj,
R_277fTe5wMWYxS2c,
R_D6mxeCdIwR2RsWJ,
R_3MT0B17d5kdghGq,
R_2AL8UspDMXUx3V3,
R_3iI7ObGDAltbvp7,
R_b8BsSI5Ibdhci5P,
R_2wcb7pJZpKLmooK,
R_21BQj9nqO6g6KAP,
R_2ve7rNmNA2vqr4J,
R_1FDht5ibrsUQj8t,
R_ZrcDmoJP8JtMRz3,
R_3shL3u72M2jlEuw,
R_YR0Vq8py3bivkf7,
R_3CCPzJL8eOeTqvj,
R_2vdZYthHI0xb29f,
R_vZHuK7aak9uPTqN,
R_1lcXrHhfF62w8XJ,
R_1MKFXOK81GIp7N7,
R_1BVPFhFzmh2JOPm,
R_1fjXYSjCJ6QddUM,
R_32Lr8683TUXXjfB,
R_9RoUJ3FLEuRrAIh,
R_3qr4igmTWYTW3M4,
R_5dlRkIYZnA2pgtz,
R_1mIa8nxvuVPqxqz,
R_3RaPQEfuLH1a5o6,
R_1eDKmzsUxZAU2zd,
R_1ohkmaEf61f3Q7q,
R_3qqc1F7bS7lfcf6,
R_10qlF9MMANThjAt,
R_8cuodYssIJ45mff,
R_3rgAwx1HwUVa7f3,
R_2382BtV3CrJsYwR,
R_40ofVvHKIbvPOA9,
R_3ef9sswG62ITYbM,
R_ByubuZKraw9CbRv,
R_RwprajRWbvLXzNv,
R_3pnBG3zLbmzZCq3,
R_vPlLRhXV9apwMnv,
R_1HBPrYeti8PVHuF,
R_ZDBCPDIrcLnncB3,
R_bQpGn0XwzaVp6FP,
R_22JKLNNMDgja1mX,
R_3QXAq0eENjTfXHm,
R_2y8UoelI86yMitC,
R_3ebouLyOcqBQGKg,
R_AERDOjXspUzF2yl,
R_2wTdCwIfg9zw5CO,
R_1Lkh96FgK83SLas,
R_1eLbZSbCSAjxA3s,
R_3dFmDcPXzr1PL9P,
R_xhISZBxbmaKh2KZ,
R_6Sh45nhH1LkMLtv,
R_2U0dsuVVbiDQaso,
R_USzcvnoW3ocYte9,
R_1lzWLa7cOHFRLU8,
R_pyECukk8SD19gAx,United Kingdom of Great Britain and Northern Ireland
R_22y1no4bAkTEgD7,
R_2UVPpok8YMBkK05,
R_2QyQBaNneS3DP5P,
R_6go3vXpZosAmDyp,
R_ueTirIQo3xGW4Bb,
R_2aII2MG1pNwinpJ,
R_PAIITdLiBqkZ4xr,
R_9uVlZjB17WsyLJL,
R_2Pbzp5vPgaw4u26,
R_2cvnNrVDiCJfP2G,
R_2CTAASiQs62TDFq,
R_p6Qg6nPNEus9Ajv,
R_O2nhPs2sh9cZDEZ,
R_3RfRPsksu9sWU0I,
R_3mI54OpVrPqwlvH,
R_1NvhOWGkCUWIan7,
R_2sTk3EgLX62DspA,
R_3O3nOubyFSaiQWG,
R_27fh0VFPHxzvaAR,
R_QazvdR99sxJrJip,
R_2XaJW6x2E9UWb7f,
R_3ipUsjZReDpszUd,
R_210VCaoMW8un9MG,
R_3qx8xPklTm6XkJe,
R_3DdWG1bdJn5Kk9T,
R_8IAFPqWQEsYRo2d,
R_x95P5zfIuQ2ft1D,
R_1dyq1SM9NY66SOG,
R_RlVCH29HVlTIq3L,United States of America
R_57QD4uNhiRPAmE9,
R_2v0rTv15ksIB4gL,
R_1jiYoB4xPhXKsKL,
R_1pFg9lYIyB9NbF8,
R_1mDBKb2KRokPtN1,
R_2Yya31UU0KzTV2r,
R_xgXtzz8ccGlWAzT,
R_1erDAmPQzqf5Wsa,
R_2bWchveiqwHVz19,
R_3PnOeA5PHXfBUFN,
R_29oaV8p6ZBRSux1,
R_XMbk2ybKnODbmLL,
R_1nZXpokOJSHsW8I,
R_1ig7Zvcec4TvCNM,
R_vcLtbh4UgcJSgzD,
R_tXJuEr3JHJaEskV,United States of America
R_2TRhkTL5Tbvbd7r,Australia
R_2wmfyOItUwQu75S,Netherlands
R_21p1Yxjk2ZCkzFS,United Kingdom of Great Britain and Northern Ireland
R_2bQur3VDpIEm1Lw,
R_2e3vyEQVLIh632b,
R_1oiEOEYCtXEpXqB,